title,code,linkCode,level
市辖区,370901000000,,3
泰山区,370902000000,09/370902.html,3
岱岳区,370911000000,09/370911.html,3
宁阳县,370921000000,09/370921.html,3
东平县,370923000000,09/370923.html,3
新泰市,370982000000,09/370982.html,3
肥城市,370983000000,09/370983.html,3
岱庙街道,370902001000,02/370902001.html,4
财源街道,370902002000,02/370902002.html,4
泰前街道,370902003000,02/370902003.html,4
上高街道,370902004000,02/370902004.html,4
徐家楼街道,370902005000,02/370902005.html,4
省庄镇,370902100000,02/370902100.html,4
邱家店镇,370902101000,02/370902101.html,4
大津口乡,370902202000,02/370902202.html,4
东湖社区居委会,370902001001,,5
市场街社区居委会,370902001002,,5
洼子街社区居委会,370902001003,,5
元宝街社区居委会,370902001004,,5
北新街社区居委会,370902001005,,5
北关街社区居委会,370902001006,,5
岱西街社区居委会,370902001007,,5
岱东街社区居委会,370902001008,,5
通天街社区居委会,370902001009,,5
升平街社区居委会,370902001010,,5
迎暄社区居委会,370902001011,,5
花园社区居委会,370902001012,,5
三友社区居委会,370902001015,,5
五马社区居委会,370902001016,,5
南关社区居委会,370902001017,,5
金星社区居委会,370902001018,,5
灌庄社区居委会,370902001019,,5
迎春社区,370902001020,,5
丽景社区居委会,370902001021,,5
东关村委会,370902001201,,5
三里社区居委会,370902002001,,5
灵山社区居委会,370902002002,,5
更新社区居委会,370902002003,,5
青山新村社区居委会,370902002004,,5
财源新村社区居委会,370902002005,,5
七东社区居委会,370902002006,,5
七西社区居委会,370902002007,,5
后七社区居委会,370902002008,,5
中七社区居委会,370902002009,,5
旧镇社区居委会,370902002010,,5
铁路新村社区居委会,370902002011,,5
财西社区居委会,370902002012,,5
青山街社区居委会,370902002013,,5
车站街社区居委会,370902002014,,5
财东社区居委会,370902002015,,5
财源社区居委会,370902002016,,5
教场街社区居委会,370902002017,,5
清真寺社区居委会,370902002018,,5
东更道社区居委会,370902002019,,5
西更道社区居委会,370902002020,,5
南湖小区社区居委会,370902002021,,5
松园小区社区居委会,370902002022,,5
乐园小区社区居委会,370902002023,,5
英雄山社区居委会,370902002024,,5
三联社区居委会,370902002025,,5
大桥社区居委会,370902002026,,5
科山社区居委会,370902002027,,5
王庄社区居委会,370902002028,,5
望岳社区居委会,370902002029,,5
泰前社区居委会,370902003001,,5
迎胜社区居委会,370902003002,,5
三合社区居委会,370902003003,,5
王家庄社区居委会,370902003004,,5
岱道庵社区居委会,370902003005,,5
御碑楼社区居委会,370902003006,,5
傲来峰社区居委会,370902003007,,5
广生泉社区居委会,370902003008,,5
科大社区居委会,370902003009,,5
农大社区居委会,370902003010,,5
金山社区居委会,370902003011,,5
向阳社区居委会,370902003012,,5
擂鼓石社区居委会,370902003013,,5
嘉德社区居委会,370902003014,,5
圣华社区居委会,370902003015,,5
国华社区居委会,370902003016,,5
艾洼村委会,370902003201,,5
上梨园村委会,370902003202,,5
下梨园村委会,370902003203,,5
上峪村委会,370902003204,,5
下峪村委会,370902003205,,5
黄山头村委会,370902003206,,5
水牛埠村委会,370902003207,,5
安家林村委会,370902003208,,5
东城村委会,370902003209,,5
西城村委会,370902003210,,5
杏园村委会,370902003211,,5
白马石村委会,370902003212,,5
利民小区社区居委会,370902004001,,5
东岳小区社区居委会,370902004002,,5
华新社区居委会,370902004003,,5
双龙社区居委会,370902004004,,5
凤凰社区居委会,370902004005,,5
南上高村委会,370902004201,,5
訾家灌庄村委会,370902004202,,5
黄家庄村委会,370902004203,,5
郭家灌庄村委会,370902004204,,5
西张庄村委会,370902004205,,5
上高镇村委会,370902004206,,5
大沟头村委会,370902004207,,5
北沟头村委会,370902004208,,5
韩家结庄村委会,370902004209,,5
岔河村委会,370902004210,,5
范家灌庄村委会,370902004211,,5
魏家庄村委会,370902004212,,5
中上高村委会,370902004213,,5
桑家疃村委会,370902004214,,5
西张店村委会,370902004215,,5
北上高村委会,370902004216,,5
宁家结庄村委会,370902004217,,5
凤台村委会,370902004218,,5
施家结庄村委会,370902004219,,5
小井村委会,370902004220,,5
徐家楼社区居委会,370902005001,,5
灵芝小区社区居委会,370902005002,,5
大白峪社区居委会,370902005003,,5
前灌社区居委会,370902005004,,5
新峪社区居委会,370902005005,,5
小白峪村委会,370902005201,,5
白峪店子村委会,370902005202,,5
下水泉村委会,370902005204,,5
大官庄村委会,370902005205,,5
宅子村委会,370902005206,,5
万家庄村委会,370902005207,,5
夏家庄村委会,370902005208,,5
尚家寨村委会,370902005209,,5
王家店村委会,370902005210,,5
栗家庄村委会,370902005211,,5
琵琶湾村委会,370902005212,,5
岳麓社区居委会,370902100001,,5
安家庄村委会,370902100201,,5
亓家滩村委会,370902100202,,5
贝家庄村委会,370902100203,,5
张家庄村委会,370902100204,,5
叶家庄村委会,370902100205,,5
海洼村委会,370902100206,,5
小津口村委会,370902100207,,5
宦家峪村委会,370902100208,,5
大河峪村委会,370902100209,,5
刘家庄村委会,370902100210,,5
付家庄村委会,370902100211,,5
东羊楼村委会,370902100212,,5
羊西村村委会,370902100213,,5
羊南村村委会,370902100214,,5
羊东村村委会,370902100215,,5
柳杭村村委会,370902100216,,5
廿里埠村委会,370902100217,,5
于辛村村委会,370902100218,,5
岳庄村委会,370902100219,,5
岗上村村委会,370902100220,,5
芝田村村委会,370902100221,,5
孛家店村委会,370902100222,,5
东孙村村委会,370902100223,,5
东苑庄村委会,370902100224,,5
西苑庄村委会,370902100225,,5
南许村村委会,370902100226,,5
北许村村委会,370902100227,,5
宋疃村村委会,370902100228,,5
前省庄村委会,370902100229,,5
北河西村村委会,370902100230,,5
红庙村村委会,370902100231,,5
指挥庄村委会,370902100232,,5
后省庄村委会,370902100233,,5
南河东村村委会,370902100234,,5
北河东村村委会,370902100235,,5
南河西村村委会,370902100236,,5
兴隆村村委会,370902100237,,5
蚕子峪村委会,370902100238,,5
北孙村村委会,370902100239,,5
圣元村村委会,370902100240,,5
邱家店村委会,370902101201,,5
徐家庄村委会,370902101202,,5
刘家庄村委会,370902101203,,5
梨园村委会,370902101204,,5
官庄村委会,370902101205,,5
后店村委会,370902101206,,5
孙家庄村委会,370902101207,,5
崔家庄村委会,370902101208,,5
居岭庄村委会,370902101209,,5
前店村委会,370902101210,,5
迓庄村委会,370902101211,,5
李家庄村委会,370902101212,,5
吴家庄村委会,370902101213,,5
栗林村委会,370902101214,,5
郝家庄村委会,370902101215,,5
渐汶河村委会,370902101216,,5
石碑村委会,370902101217,,5
逯家庄村委会,370902101218,,5
中郭庄村委会,370902101219,,5
五里井村委会,370902101220,,5
西郭庄村委会,370902101221,,5
宋官村委会,370902101222,,5
东郭庄村委会,370902101223,,5
刘家疃村委会,370902101224,,5
温家辛庄村委会,370902101225,,5
埠阳庄村委会,370902101226,,5
南王庄村委会,370902101227,,5
王林坡村委会,370902101228,,5
后燕庄村委会,370902101229,,5
姚家坡村委会,370902101230,,5
中王庄村委会,370902101231,,5
侯家店村委会,370902101232,,5
前燕庄村委会,370902101233,,5
黄沟港村委会,370902101234,,5
东燕庄村委会,370902101235,,5
北王庄村委会,370902101236,,5
北颜张村委会,370902101237,,5
东颜张村委会,370902101238,,5
桂林村委会,370902101239,,5
前旧县村委会,370902101240,,5
后旧县村委会,370902101241,,5
西颜张村委会,370902101242,,5
中旧县村委会,370902101243,,5
东旧县村委会,370902101244,,5
范家庄村委会,370902202201,,5
李家泉村委会,370902202202,,5
大津口村委会,370902202203,,5
栗杭村委会,370902202204,,5
藕池村委会,370902202205,,5
沙岭村委会,370902202206,,5
牛山口村委会,370902202207,,5
粥店街道,370911001000,11/370911001.html,4
天平街道,370911002000,11/370911002.html,4
北集坡街道,370911003000,11/370911003.html,4
山口镇,370911100000,11/370911100.html,4
祝阳镇,370911101000,11/370911101.html,4
范镇,370911102000,11/370911102.html,4
角峪镇,370911103000,11/370911103.html,4
徂徕镇,370911104000,11/370911104.html,4
满庄镇,370911106000,11/370911106.html,4
夏张镇,370911107000,11/370911107.html,4
道朗镇,370911108000,11/370911108.html,4
黄前镇,370911109000,11/370911109.html,4
大汶口镇,370911110000,11/370911110.html,4
马庄镇,370911111000,11/370911111.html,4
房村镇,370911112000,11/370911112.html,4
良庄镇,370911113000,11/370911113.html,4
下港镇,370911114000,11/370911114.html,4
化马湾乡,370911201000,11/370911201.html,4
高王寺社区居委会,370911001001,,5
枣行社区居委会,370911001002,,5
粥店社区居委会,370911001003,,5
杜家庄社区居委会,370911001004,,5
堰北社区居委会,370911001005,,5
老王府社区居委会,370911001006,,5
司家庄社区居委会,370911001007,,5
过驾院社区居委会,370911001008,,5
堰东社区居委会,370911001009,,5
曹家村社区,370911001010,,5
大佛寺社区居委会,370911001011,,5
常家庄社区居委会,370911001012,,5
马湾社区居委会,370911001013,,5
李家庄社区居委会,370911001014,,5
石分社区居委会,370911001015,,5
六郎坟社区居委会,370911001016,,5
堰西社区居委会,370911001017,,5
小堰堤社区居委会,370911001018,,5
上旺社区居委会,370911001019,,5
后陡山村委会,370911001203,,5
马套村委会,370911001206,,5
小辛庄村委会,370911001207,,5
黄草岭村委会,370911001210,,5
下旺村委会,370911001212,,5
大官村委会,370911001221,,5
小官村委会,370911001222,,5
大辛村委会,370911001223,,5
曹家庄村委会,370911001224,,5
廿里埠村委会,370911001225,,5
董家庄村委会,370911001226,,5
南黄社区居委会,370911002001,,5
北黄社区居委会,370911002002,,5
天平社区居委会,370911002003,,5
韩刘冯社区居委会,370911002004,,5
井家庄社区居委会,370911002005,,5
池子崖社区居委会,370911002006,,5
岩庄居委会,370911002007,,5
西黄村委会,370911002203,,5
马家园村委会,370911002207,,5
大陡山村委会,370911002208,,5
重河村委会,370911002209,,5
送驾庄村委会,370911002210,,5
西北村委会,370911002211,,5
西南村委会,370911002212,,5
三峪村委会,370911002214,,5
大桥村委会,370911002215,,5
河东村委会,370911002216,,5
姜庄村委会,370911002217,,5
孙家沟村委会,370911002218,,5
王庄村委会,370911002219,,5
耿庄村委会,370911002220,,5
北大圈村委会,370911002221,,5
黑水湾村委会,370911002222,,5
起驾店村委会,370911002224,,5
板大山村委会,370911002225,,5
法家岭村委会,370911002226,,5
田家峪村委会,370911002227,,5
南大圈村委会,370911002228,,5
邱家庄村委会,370911002229,,5
玄黄村委会,370911002230,,5
周家庄村委会,370911002231,,5
大坦地村委会,370911002232,,5
北集坡村委会,370911003201,,5
季家庄村委会,370911003202,,5
小官庄村委会,370911003203,,5
西对旧村委会,370911003204,,5
东对旧村委会,370911003205,,5
凤凰庄村委会,370911003206,,5
魏家洪沟村委会,370911003207,,5
陈家洪沟村委会,370911003208,,5
沙家洪沟村委会,370911003209,,5
王家洪沟村委会,370911003210,,5
丁家洪沟村委会,370911003211,,5
石灰官庄村委会,370911003212,,5
驼凹村委会,370911003213,,5
水泉村委会,370911003214,,5
篦子店村委会,370911003215,,5
窦家村村委会,370911003216,,5
洪沟店村委会,370911003217,,5
邢家寨村委会,370911003218,,5
赵庄村委会,370911003219,,5
东夏村委会,370911003220,,5
中夏村委会,370911003221,,5
南夏村委会,370911003222,,5
西夏村委会,370911003223,,5
兴隆庄村委会,370911003224,,5
北店子村委会,370911003225,,5
南店子村委会,370911003226,,5
泉林庄村委会,370911003227,,5
格子村委会,370911003228,,5
徐家官庄村委会,370911003229,,5
西百子坡村委会,370911003230,,5
朱家埠村委会,370911003231,,5
曹庄村委会,370911003232,,5
梁家小庄村委会,370911003233,,5
道洼村委会,370911003234,,5
利家庄村委会,370911003235,,5
泉上村委会,370911003236,,5
庵上村委会,370911003237,,5
西旺村委会,370911003238,,5
张庄村委会,370911003239,,5
南官庄村委会,370911003240,,5
阳家泉村委会,370911003241,,5
兴龙庄村委会,370911003242,,5
东河北村委会,370911003243,,5
泉河村委会,370911003244,,5
东胡家峪村委会,370911003245,,5
山口南村村委会,370911100201,,5
山口东村村委会,370911100202,,5
山口北村村委会,370911100203,,5
山口西村村委会,370911100204,,5
新庄村委会,370911100205,,5
冶庄村委会,370911100206,,5
周王庄村委会,370911100207,,5
西迓庄村委会,370911100208,,5
后迓庄村委会,370911100209,,5
吴家庄村委会,370911100210,,5
夹河村委会,370911100211,,5
康石汶村委会,370911100212,,5
卞石汶村委会,370911100213,,5
禹石汶村委会,370911100214,,5
赵石汶村委会,370911100215,,5
杨石汶村委会,370911100216,,5
朱官庄村委会,370911100217,,5
卜官庄村委会,370911100218,,5
前梁林村委会,370911100219,,5
后梁林村委会,370911100220,,5
佟家庄村委会,370911100221,,5
东迓庄村委会,370911100222,,5
西太平村委会,370911100223,,5
西碾疃村委会,370911100224,,5
西官庄村委会,370911100225,,5
小马庄村委会,370911100226,,5
大马庄村委会,370911100227,,5
洼里村委会,370911100228,,5
油坊村委会,370911100229,,5
东太平村委会,370911100230,,5
东碾疃村委会,370911100231,,5
张家户村委会,370911100232,,5
北庄村委会,370911100233,,5
下欢庄村委会,370911100234,,5
上欢庄村委会,370911100235,,5
辛水崖村委会,370911100236,,5
户栗村委会,370911100237,,5
石门村委会,370911100238,,5
春阳沟村委会,370911100239,,5
响水崖村委会,370911100240,,5
小兰沃村委会,370911100241,,5
大兰沃村委会,370911100242,,5
王庄村委会,370911100243,,5
祝阳村委会,370911101201,,5
井家洼村委会,370911101202,,5
南高北村委会,370911101203,,5
北高北村委会,370911101204,,5
穆家庄村委会,370911101205,,5
东大官村委会,370911101206,,5
西大官村委会,370911101207,,5
谢官村委会,370911101208,,5
陈良村委会,370911101209,,5
吴家庄村委会,370911101210,,5
姚官村委会,370911101211,,5
大路官庄村委会,370911101212,,5
姚中村委会,370911101213,,5
姚东村委会,370911101214,,5
姚西村委会,370911101215,,5
南张村委会,370911101216,,5
东乔村委会,370911101217,,5
下乔村委会,370911101218,,5
北乔村委会,370911101219,,5
金井村委会,370911101220,,5
公家汶村委会,370911101221,,5
赵家汶村委会,370911101222,,5
东张村委会,370911101223,,5
徐家汶村委会,370911101224,,5
安乐庄村委会,370911101225,,5
上太河村委会,370911101226,,5
下太河村委会,370911101227,,5
秋林村委会,370911101228,,5
徐家楼村委会,370911101229,,5
保全村委会,370911101230,,5
永宁村委会,370911101231,,5
焦北村委会,370911101232,,5
焦南村委会,370911101233,,5
蒲台村委会,370911101234,,5
麻峪村委会,370911101235,,5
宋庄村委会,370911101236,,5
陡沟村委会,370911101237,,5
前上村委会,370911101238,,5
后上村委会,370911101239,,5
磨石沟村委会,370911101240,,5
西张村委会,370911101241,,5
梭西村委会,370911101242,,5
梭北村委会,370911101243,,5
周家庄村委会,370911101244,,5
泉林村委会,370911101245,,5
西石汶村委会,370911101246,,5
李胡村委会,370911101247,,5
东石汶村委会,370911101248,,5
石龙头村委会,370911101249,,5
小梭庄村委会,370911101250,,5
大南峪村委会,370911101251,,5
小南峪村委会,370911101252,,5
梭东村委会,370911101253,,5
横岭村委会,370911101254,,5
桐花沟村委会,370911101255,,5
二王安村委会,370911101256,,5
范东村委会,370911102201,,5
唐北单村委会,370911102202,,5
北单村委会,370911102203,,5
田庄村委会,370911102204,,5
谷庄村委会,370911102205,,5
东岔河村委会,370911102206,,5
倪庄村委会,370911102207,,5
杨梭村委会,370911102208,,5
东张村委会,370911102209,,5
张梭村委会,370911102210,,5
谢家台头村委会,370911102211,,5
戚家台头村委会,370911102212,,5
王台头村委会,370911102213,,5
施庄村委会,370911102214,,5
崔官庄村委会,370911102215,,5
江庄村委会,370911102216,,5
孟庄村委会,370911102217,,5
大沟头村委会,370911102218,,5
大王村委会,370911102219,,5
临溪村委会,370911102220,,5
付庄村委会,370911102221,,5
吴庄村委会,370911102222,,5
前杨庄村委会,370911102223,,5
后杨村委会,370911102224,,5
店子村委会,370911102225,,5
马庄村委会,370911102226,,5
籽粒村委会,370911102227,,5
大辛村委会,370911102228,,5
东辛村委会,370911102229,,5
于官庄村委会,370911102230,,5
刘寨子村委会,370911102231,,5
贾寨子村委会,370911102232,,5
张寨子村委会,370911102233,,5
郑寨子村委会,370911102234,,5
兴隆村委会,370911102235,,5
上埠东村委会,370911102236,,5
孙埠东村委会,370911102237,,5
刘埠东村委会,370911102238,,5
范西村委会,370911102239,,5
角峪西村委会,370911103201,,5
角东村委会,370911103202,,5
河西村委会,370911103203,,5
岳家庄村委会,370911103204,,5
泉坡村委会,370911103205,,5
柴庄村委会,370911103206,,5
鲁东冶西村委会,370911103207,,5
鲁东冶东村委会,370911103208,,5
埠上村委会,370911103209,,5
安乐村委会,370911103210,,5
苏庄村委会,370911103211,,5
泉上村委会,370911103212,,5
唐庄村委会,370911103213,,5
亓家庄村委会,370911103214,,5
郗官庄村委会,370911103215,,5
鹿角村委会,370911103216,,5
磨石埠村委会,370911103217,,5
刘家埠村委会,370911103218,,5
兴隆村委会,370911103219,,5
纸房村委会,370911103220,,5
南角峪村委会,370911103221,,5
先锋村委会,370911103222,,5
牛角村委会,370911103223,,5
杨官庄村委会,370911103224,,5
南徐冶村委会,370911103225,,5
北徐冶村委会,370911103226,,5
西南峪村委会,370911103227,,5
二虎官庄村委会,370911103228,,5
洪河村委会,370911103229,,5
南上庄村委会,370911104201,,5
北上庄村委会,370911104202,,5
下庄村委会,370911104203,,5
杜家村委会,370911104204,,5
寺河村委会,370911104205,,5
新庄村委会,370911104206,,5
鲁家庄村委会,370911104207,,5
邓家庄村委会,370911104208,,5
许家庄村委会,370911104209,,5
曹庄村委会,370911104210,,5
姬家庄村委会,370911104211,,5
徂徕村委会,370911104212,,5
桥沟村委会,370911104213,,5
北望村委会,370911104214,,5
孙家疃村委会,370911104215,,5
郑家村庄村委会,370911104216,,5
宽店村委会,370911104217,,5
崔家庄村委会,370911104218,,5
边家庄村委会,370911104219,,5
河西村委会,370911104220,,5
石崖村委会,370911104221,,5
兴隆村委会,370911104222,,5
留送村委会,370911104223,,5
西埠前村委会,370911104224,,5
东埠前村委会,370911104225,,5
小埠前村委会,370911104226,,5
官路村委会,370911104227,,5
向阳村委会,370911104228,,5
李家峪村委会,370911104229,,5
水泉村委会,370911104230,,5
南黄崖村委会,370911104231,,5
北黄崖村委会,370911104232,,5
土门村委会,370911104233,,5
桃园村委会,370911104234,,5
南迎社区居委会,370911106001,,5
北迎村委会,370911106201,,5
西胡家峪村委会,370911106203,,5
南留南村委会,370911106204,,5
南留中村委会,370911106205,,5
南留北村委会,370911106206,,5
北留村委会,370911106207,,5
田家山村委会,370911106208,,5
泉水湾村委会,370911106213,,5
王庄村委会,370911106214,,5
满庄北村委会,370911106215,,5
满庄南村委会,370911106216,,5
曹家寨村委会,370911106217,,5
辛庄村委会,370911106218,,5
灌庄村委会,370911106219,,5
姜家园村委会,370911106220,,5
南淳于村委会,370911106221,,5
中淳于村委会,370911106222,,5
宋家庄村委会,370911106223,,5
滩清湾村委会,370911106224,,5
龙山村委会,370911106225,,5
泥沟村委会,370911106226,,5
黄家林村委会,370911106227,,5
东肖家林村委会,370911106228,,5
西肖家林村委会,370911106229,,5
龙门村委会,370911106230,,5
宿家庄村委会,370911106231,,5
黄家庄村委会,370911106232,,5
华家岭村委会,370911106233,,5
东牛北村委会,370911106234,,5
东牛中村委会,370911106235,,5
东牛南村委会,370911106236,,5
王家园村委会,370911106237,,5
老虎官庄村委会,370911106238,,5
孙家安阜村委会,370911106239,,5
樊家安阜村委会,370911106240,,5
林家安阜村委会,370911106241,,5
吴家官庄村委会,370911106242,,5
西河北村委会,370911106243,,5
上泉村委会,370911106244,,5
纸坊村委会,370911106245,,5
北臭泉村委会,370911106246,,5
夏张北村委会,370911107201,,5
夏张南村委会,370911107202,,5
任家小庄村委会,370911107203,,5
新河西村委会,370911107204,,5
张家庄村委会,370911107205,,5
东城村委会,370911107206,,5
南寨村委会,370911107207,,5
肖家庄村委会,370911107208,,5
次章村委会,370911107209,,5
南故县林村委会,370911107210,,5
故县店村委会,370911107211,,5
尹家庄村委会,370911107212,,5
东桃园村委会,370911107213,,5
西桃园村委会,370911107214,,5
江水河村委会,370911107215,,5
安子石村委会,370911107216,,5
下官庄村委会,370911107217,,5
蒯沟村委会,370911107218,,5
周坡村委会,370911107219,,5
赵家庄村委会,370911107220,,5
郑家杭村委会,370911107221,,5
志坊村委会,370911107222,,5
郝家宅村委会,370911107223,,5
王家小庄村委会,370911107224,,5
温家岭村委会,370911107225,,5
大西牛村委会,370911107226,,5
刘家庄村委会,370911107227,,5
孔家庄村委会,370911107228,,5
杨家坡村委会,370911107229,,5
赵家店村委会,370911107230,,5
前后牛村委会,370911107231,,5
贾家桥村委会,370911107232,,5
史家庄村委会,370911107233,,5
马家店村委会,370911107234,,5
贾家岗村委会,370911107235,,5
韩家岗村委会,370911107236,,5
马家岗村委会,370911107237,,5
杜家岗村委会,370911107238,,5
玄楼村委会,370911107239,,5
荣华村委会,370911107240,,5
高家院村委会,370911107241,,5
南白楼一村委会,370911107242,,5
南白楼二村委会,370911107243,,5
南白楼三村委会,370911107244,,5
南白楼四村委会,370911107245,,5
南白楼五村委会,370911107246,,5
河洼村委会,370911107247,,5
上王庄村委会,370911107248,,5
关王庙村委会,370911107249,,5
罗家堂村委会,370911107250,,5
孙家况洞村委会,370911107251,,5
李家况洞村委会,370911107252,,5
于家官庄村委会,370911107253,,5
平家官庄村委会,370911107254,,5
朱家庄村委会,370911107255,,5
李家上章村委会,370911107256,,5
河西上章村委会,370911107257,,5
陈家山头村委会,370911107258,,5
张家山头村委会,370911107259,,5
车家上章村委会,370911107260,,5
孙家上章村委会,370911107261,,5
律家庄村委会,370911107262,,5
李家山头村委会,370911107263,,5
王士店村委会,370911107264,,5
宁家庄村委会,370911107265,,5
郭家小庄村委会,370911107266,,5
梨园村委会,370911107267,,5
鸡鸣返村委会,370911107268,,5
峦湾崖村委会,370911107269,,5
裴家庄村委会,370911107270,,5
北庄村委会,370911107271,,5
道朗村委会,370911108201,,5
玄庄村委会,370911108202,,5
大王村委会,370911108203,,5
丰山村委会,370911108204,,5
康庄村委会,370911108206,,5
北张村委会,370911108208,,5
鱼东村委会,370911108209,,5
鱼中村委会,370911108210,,5
鱼西村委会,370911108211,,5
朱康村委会,370911108212,,5
下洼村委会,370911108213,,5
城子寨村委会,370911108214,,5
西孙村委会,370911108215,,5
西张村委会,370911108216,,5
边县村委会,370911108217,,5
大马村委会,370911108218,,5
李马沟村委会,370911108219,,5
薛家岭村委会,370911108220,,5
朱家峪村委会,370911108221,,5
大胡村委会,370911108222,,5
三合村委会,370911108223,,5
北白楼村委会,370911108224,,5
西山村委会,370911108225,,5
庞伍村委会,370911108226,,5
李马村委会,370911108238,,5
夏家庄村委会,370911108239,,5
朱家洼村委会,370911108240,,5
朱家庄村委会,370911108241,,5
里峪村委会,370911108242,,5
八楼村委会,370911108243,,5
李庄村委会,370911108244,,5
王家堂村委会,370911108245,,5
东孙村委会,370911108246,,5
房庄村委会,370911108247,,5
合顺村委会,370911108248,,5
东西门村委会,370911108249,,5
榴石村委会,370911108250,,5
莲花池村委会,370911108251,,5
高庄村委会,370911108252,,5
二起楼村委会,370911108253,,5
拉马洼村委会,370911108254,,5
搬倒井村委会,370911108255,,5
馍馍山村委会,370911108256,,5
黄前村委会,370911109201,,5
窝角村委会,370911109202,,5
大北岭村委会,370911109203,,5
刘家峪村委会,370911109204,,5
董家庄村委会,370911109205,,5
户家庄村委会,370911109206,,5
李家庄村委会,370911109207,,5
邱家庄村委会,370911109208,,5
砚池河村委会,370911109209,,5
石屋志村委会,370911109210,,5
瓦屋头村委会,370911109211,,5
花果峪村委会,370911109212,,5
羊栏沟村委会,370911109213,,5
红河村委会,370911109214,,5
曹林村委会,370911109215,,5
大地村委会,370911109216,,5
门庄村委会,370911109217,,5
白云寺村委会,370911109218,,5
北麻塔村委会,370911109219,,5
双山村委会,370911109220,,5
孟家庄村委会,370911109221,,5
西麻塔村委会,370911109222,,5
李子峪村委会,370911109223,,5
木口峪村委会,370911109224,,5
邵家庄村委会,370911109225,,5
第三峪村委会,370911109226,,5
高家圈村委会,370911109227,,5
宋家庄村委会,370911109228,,5
谷家泉村委会,370911109229,,5
太平街村委会,370911110201,,5
山西街村委会,370911110202,,5
兴华街村委会,370911110203,,5
和平村委会,370911110204,,5
曹家庄村委会,370911110205,,5
卫驾庄村委会,370911110206,,5
王家院村委会,370911110207,,5
送驾庄村委会,370911110208,,5
东武村委会,370911110209,,5
土门村委会,370911110210,,5
颜谢东村委会,370911110211,,5
颜谢西村委会,370911110212,,5
颜谢南村委会,370911110213,,5
颜谢北村委会,370911110214,,5
申村东村委会,370911110215,,5
申村西村委会,370911110216,,5
柏子村委会,370911110217,,5
东大吴村委会,370911110218,,5
马大吴村委会,370911110219,,5
西大吴村委会,370911110220,,5
北大吴村委会,370911110221,,5
车家洼村委会,370911110222,,5
北西遥村委会,370911110223,,5
南西遥村委会,370911110224,,5
尚家院村委会,370911110225,,5
焦家庄村委会,370911110226,,5
前周家院村委会,370911110227,,5
后周家院村委会,370911110228,,5
石家庄村委会,370911110229,,5
彭徐店村委会,370911110230,,5
陈家石墙村委会,370911110231,,5
郝家石墙村委会,370911110232,,5
杭家石墙村委会,370911110233,,5
扈家石墙村委会,370911110234,,5
南臭泉村委会,370911110238,,5
庞家庄村委会,370911110239,,5
大侯村委会,370911110240,,5
王庄村委会,370911110241,,5
程家庄村委会,370911110242,,5
孙家庙村委会,370911110243,,5
杨家庄村委会,370911110244,,5
郭家楼村委会,370911110245,,5
岳家庄村委会,370911110246,,5
东庄村委会,370911110247,,5
双杨店村委会,370911110248,,5
北苏村委会,370911111201,,5
吴新村委会,370911111202,,5
马庄村委会,370911111203,,5
双庙村委会,370911111204,,5
夏马村委会,370911111205,,5
坊子村委会,370911111206,,5
薛家庄村委会,370911111207,,5
洼口村委会,370911111208,,5
顺河村委会,370911111209,,5
泉头官庄村委会,370911111210,,5
徐家官庄村委会,370911111211,,5
老宫官庄村委会,370911111212,,5
刘大坡村委会,370911111213,,5
陶大坡村委会,370911111214,,5
王大坡村委会,370911111215,,5
苏大坡村委会,370911111216,,5
李大坡村委会,370911111217,,5
河口村委会,370911111218,,5
王官庄村委会,370911111219,,5
肖官庄村委会,370911111220,,5
漕河村委会,370911111221,,5
萨家庄村委会,370911111222,,5
董家庄村委会,370911111223,,5
平家村委会,370911111224,,5
东隅村委会,370911111225,,5
西隅村委会,370911111226,,5
南隅村委会,370911111227,,5
前营村委会,370911111228,,5
后营村委会,370911111229,,5
南苏村委会,370911111230,,5
朱家寨村委会,370911111231,,5
北李村委会,370911111232,,5
南李村委会,370911111233,,5
大寺村委会,370911111234,,5
西张村委会,370911111235,,5
南王村委会,370911111236,,5
房村村委会,370911112201,,5
金庄村委会,370911112202,,5
肖庄村委会,370911112203,,5
东西住村委会,370911112204,,5
西西住村委会,370911112205,,5
东杨庄村委会,370911112206,,5
新杨庄村委会,370911112207,,5
西杨庄村委会,370911112208,,5
南滕村村委会,370911112209,,5
北滕村村委会,370911112210,,5
乡城北村委会,370911112211,,5
乡城南村委会,370911112212,,5
西良甫村委会,370911112213,,5
鲁里村村委会,370911112214,,5
邹家庄村委会,370911112215,,5
良一村村委会,370911112216,,5
良二村村委会,370911112217,,5
埠东村村委会,370911112218,,5
埠西村村委会,370911112219,,5
朱家庄村委会,370911112220,,5
韩家寨村委会,370911112221,,5
周泉村村委会,370911112222,,5
董白塔村委会,370911112223,,5
程白塔村委会,370911112224,,5
南阳关村委会,370911112225,,5
北阳关村委会,370911112226,,5
涝坡村委会,370911112227,,5
么山峪村委会,370911112228,,5
黑石埠村委会,370911112229,,5
西南望村委会,370911112230,,5
东南望村委会,370911112231,,5
八里庄村委会,370911113201,,5
良庄南村委会,370911113202,,5
南良庄村委会,370911113203,,5
南官庄村委会,370911113204,,5
良庄西村委会,370911113205,,5
良庄东村委会,370911113206,,5
良庄北村委会,370911113207,,5
西良庄村委会,370911113208,,5
茅茨西村委会,370911113209,,5
茅茨南村委会,370911113210,,5
茅茨东村委会,370911113211,,5
茅茨北村委会,370911113212,,5
薛庄北村委会,370911113213,,5
薛庄南村委会,370911113214,,5
黄石崖村委会,370911113215,,5
山阳西村委会,370911113216,,5
山阳南村委会,370911113217,,5
山阳东村委会,370911113218,,5
山阳北村委会,370911113219,,5
高胡庄村委会,370911113220,,5
新庄村委会,370911113221,,5
演武厅村委会,370911113222,,5
保安庄村委会,370911113223,,5
凤凰村委会,370911113224,,5
旺泉村委会,370911113225,,5
白庙村委会,370911113226,,5
员外庄村委会,370911113227,,5
房宣洛村委会,370911113228,,5
查宣洛村委会,370911113229,,5
孙宣洛村委会,370911113230,,5
刘宣洛村委会,370911113231,,5
侯宣洛村委会,370911113232,,5
陈宣洛村委会,370911113233,,5
石楼村委会,370911113234,,5
北宋村委会,370911113235,,5
南宋村委会,370911113236,,5
东延东村委会,370911113237,,5
大延东村委会,370911113238,,5
西庄村委会,370911113239,,5
延北村委会,370911113240,,5
下港村委会,370911114201,,5
过马滩村委会,370911114202,,5
木营村委会,370911114203,,5
黄芹村委会,370911114204,,5
盘坡村委会,370911114205,,5
谷山村委会,370911114206,,5
陈寺峪村委会,370911114207,,5
西圈村委会,370911114208,,5
石槽村委会,370911114209,,5
大林村委会,370911114210,,5
上港村委会,370911114211,,5
石河村委会,370911114212,,5
勤村村委会,370911114213,,5
彭家庄村委会,370911114214,,5
杨台村委会,370911114215,,5
东祥沟村委会,370911114216,,5
西祥沟村委会,370911114217,,5
茅茨舍村委会,370911114218,,5
东峪村委会,370911114219,,5
开山村委会,370911114220,,5
赵峪村委会,370911114221,,5
马蹄峪村委会,370911114222,,5
八亩地村委会,370911114223,,5
上里村委会,370911114224,,5
朝阳村委会,370911114225,,5
周家庄村委会,370911114226,,5
新庄村委会,370911114227,,5
胡家峪村委会,370911114228,,5
小安门村委会,370911114229,,5
黄峪村委会,370911114230,,5
水泉峪村委会,370911114231,,5
保家庄村委会,370911114232,,5
杨家庄村委会,370911114233,,5
下里村委会,370911114234,,5
化马湾村委会,370911201201,,5
北崖村村委会,370911201202,,5
东掌村委会,370911201203,,5
想家峪村委会,370911201204,,5
石湾村委会,370911201205,,5
周家庄村委会,370911201206,,5
殷家林村委会,370911201207,,5
南洪河村委会,370911201208,,5
茌家庄村委会,370911201209,,5
洼里村委会,370911201210,,5
西庄村委会,370911201211,,5
贾家庄村委会,370911201212,,5
河东村委会,370911201213,,5
肖家村委会,370911201214,,5
长安村委会,370911201215,,5
城前村委会,370911201216,,5
沙河村委会,370911201217,,5
刘家沟村委会,370911201218,,5
枣杭村委会,370911201219,,5
董家庄村委会,370911201220,,5
土山河村委会,370911201221,,5
南韩村委会,370911201222,,5
水峪村委会,370911201223,,5
牛山村委会,370911201224,,5
新店村委会,370911201225,,5
王家庄村委会,370911201226,,5
双河村委会,370911201227,,5
双泉村委会,370911201228,,5
草茨村委会,370911201229,,5
洪山村委会,370911201230,,5
彩山村委会,370911201231,,5
文庙街道,370921001000,21/370921001.html,4
八仙桥街道,370921002000,21/370921002.html,4
泗店镇,370921101000,21/370921101.html,4
东疏镇,370921102000,21/370921102.html,4
伏山镇,370921103000,21/370921103.html,4
堽城镇,370921105000,21/370921105.html,4
蒋集镇,370921107000,21/370921107.html,4
磁窑镇,370921109000,21/370921109.html,4
华丰镇,370921110000,21/370921110.html,4
葛石镇,370921111000,21/370921111.html,4
东庄镇,370921112000,21/370921112.html,4
鹤山镇,370921113000,21/370921113.html,4
乡饮乡,370921206000,21/370921206.html,4
南关居委会,370921001001,,5
北关居委会,370921001002,,5
东关居委会,370921001003,,5
连家桥居委会,370921001004,,5
文成园社区居民委员会,370921001005,,5
泥家村社区居民委员会,370921001201,,5
关王庙村委会,370921001202,,5
小吴家村村委会,370921001203,,5
石桥村委会,370921001204,,5
杜家村社区居民委员会,370921001205,,5
巩家堂村委会,370921001206,,5
廖家桥村委会,370921001207,,5
张家庄村委会,370921001208,,5
南满庄村委会,370921001209,,5
西满庄村委会,370921001212,,5
北满庄村委会,370921001213,,5
西关居委会,370921002001,,5
邢家庄居委会,370921002002,,5
大庙临邑东村委会,370921002201,,5
大庙临邑西村委会,370921002202,,5
周家临邑村委会,370921002203,,5
王家临邑村委会,370921002204,,5
郭家临邑村委会,370921002205,,5
徐马高临邑村委会,370921002206,,5
张陈临邑村委会,370921002207,,5
路家临邑村委会,370921002208,,5
沙岭店村委会,370921002209,,5
红庙村委会,370921002210,,5
任家村村委会,370921002211,,5
杨家集村委会,370921002212,,5
花石桥村委会,370921002213,,5
李家庄村委会,370921002214,,5
许家庄村委会,370921002215,,5
杨家庄村委会,370921002216,,5
吴家东和村委会,370921002217,,5
李家楼村委会,370921002218,,5
青川中村委会,370921002219,,5
青川寺村委会,370921002220,,5
青川围子村委会,370921002221,,5
大屯村委会,370921002222,,5
泗店村委会,370921101201,,5
南王村村委会,370921101202,,5
薛家村村委会,370921101203,,5
纸房村委会,370921101204,,5
桃园村委会,370921101205,,5
胡家庄东村村委会,370921101206,,5
胡家庄西村村委会,370921101207,,5
张家行村委会,370921101208,,5
徐家行村委会,370921101209,,5
泗庄村委会,370921101210,,5
岳家庄村委会,370921101211,,5
前许家桥村委会,370921101212,,5
后许家桥村委会,370921101213,,5
杨家村村委会,370921101214,,5
铁佛寺村委会,370921101215,,5
肖家村村委会,370921101216,,5
刘家庄村委会,370921101217,,5
柳楼村委会,370921101218,,5
大孟集村委会,370921101219,,5
海子崖村委会,370921101220,,5
石大孟村委会,370921101221,,5
徐大孟村委会,370921101222,,5
夏大孟村委会,370921101223,,5
西大孟村委会,370921101224,,5
前辛庄村委会,370921101225,,5
后辛庄村委会,370921101226,,5
沙庄村委会,370921101227,,5
古城村委会,370921101228,,5
佘庄村委会,370921101229,,5
柳沟厂村委会,370921101230,,5
罗河厂村委会,370921101231,,5
曹家村村委会,370921101232,,5
牛家村村委会,370921101233,,5
马家村村委会,370921101234,,5
高家庄村委会,370921101235,,5
王家院村委会,370921101236,,5
前村村委会,370921102201,,5
后村村委会,370921102202,,5
马庙村委会,370921102203,,5
小屯村委会,370921102204,,5
老王庄村委会,370921102205,,5
小王庄村委会,370921102206,,5
王楼集村委会,370921102207,,5
花园村委会,370921102208,,5
孙集村委会,370921102209,,5
西河村委会,370921102210,,5
小伯村委会,370921102211,,5
范庄村委会,370921102212,,5
刘庙村委会,370921102213,,5
王家庄村委会,370921102214,,5
郑庄村委会,370921102215,,5
沙沃村委会,370921102216,,5
耿庄村委会,370921102217,,5
大伯集村委会,370921102218,,5
胡家大伯村委会,370921102219,,5
张大伯村委会,370921102220,,5
赵刘村委会,370921102221,,5
柳园村委会,370921102222,,5
侯楼村委会,370921102223,,5
冯张村村委会,370921102224,,5
刘张村村委会,370921102225,,5
前张村村委会,370921102226,,5
滩头村委会,370921102227,,5
疏外村委会,370921102228,,5
围子里村委会,370921102229,,5
郭家村村委会,370921102230,,5
义和庄村委会,370921102231,,5
庞庄村委会,370921102232,,5
后张庄村委会,370921102233,,5
前张庄村委会,370921102234,,5
西张庄村委会,370921102235,,5
疏里村委会,370921102236,,5
寺头村委会,370921102237,,5
兴隆庄村委会,370921102238,,5
前学村委会,370921102239,,5
后学村委会,370921102240,,5
潘茂村委会,370921102241,,5
杜茂村委会,370921102242,,5
赵茂村委会,370921102243,,5
胡茂村委会,370921102244,,5
刘茂村委会,370921102245,,5
朱茂村委会,370921102246,,5
吴茂村委会,370921102247,,5
陈茂村委会,370921102248,,5
好茂村委会,370921102249,,5
前伏山村委会,370921103201,,5
后伏山村委会,370921103202,,5
陶邵村村委会,370921103203,,5
施家村村委会,370921103204,,5
陈家庙村委会,370921103205,,5
李家户村委会,370921103206,,5
西代村村委会,370921103207,,5
东代村村委会,370921103208,,5
北代村村委会,370921103209,,5
于庄村委会,370921103210,,5
张家庄村委会,370921103211,,5
杨家庄村委会,370921103212,,5
王家庄村委会,370921103213,,5
邵家庄村委会,370921103214,,5
山岭村委会,370921103215,,5
苏家楼村委会,370921103216,,5
前石梁村委会,370921103217,,5
后石梁村委会,370921103218,,5
后光河崖村委会,370921103219,,5
西场村委会,370921103220,,5
前光河崖村委会,370921103221,,5
小梁王村委会,370921103222,,5
大梁王村委会,370921103223,,5
北刘家庄村委会,370921103224,,5
罡城坝村委会,370921103225,,5
茂盛村委会,370921103226,,5
张徐村村委会,370921103227,,5
大吴家村村委会,370921103228,,5
陈家行村委会,370921103229,,5
张家行村委会,370921103230,,5
十里堡村委会,370921103231,,5
毛家村村委会,370921103232,,5
开元寺村委会,370921103233,,5
陶家平村委会,370921103234,,5
耿家平村委会,370921103235,,5
沈家平村委会,370921103236,,5
桑家庄村委会,370921103237,,5
白马庙村委会,370921103238,,5
周家楼村委会,370921103239,,5
马家庙村委会,370921103240,,5
吕兴村委会,370921103241,,5
岗上村委会,370921103242,,5
朱家庄村委会,370921103243,,5
太平庄村委会,370921103244,,5
曹家庄村委会,370921103245,,5
云山店村委会,370921103246,,5
双庙村委会,370921103247,,5
纪刘庄村委会,370921103248,,5
程家海村委会,370921103249,,5
于家海村委会,370921103250,,5
玉皇山村委会,370921103251,,5
柏家村村委会,370921103252,,5
魏家庄村委会,370921103253,,5
高家楼村委会,370921103254,,5
胡中屯村委会,370921103255,,5
张家堂村委会,370921103256,,5
黄冯村村委会,370921103257,,5
李家阁村委会,370921103258,,5
路家楼村委会,370921103259,,5
罡城屯西村村委会,370921105201,,5
罡城屯北村村委会,370921105202,,5
罡城屯东村村委会,370921105203,,5
罡城屯南村村委会,370921105204,,5
杨李庄村委会,370921105205,,5
仁贤庄村委会,370921105206,,5
许家庄村委会,370921105207,,5
志强庄村委会,370921105208,,5
罡城西村委会,370921105209,,5
罡城里村委会,370921105210,,5
商庄村委会,370921105211,,5
潘辛庄村委会,370921105212,,5
罡城南村委会,370921105213,,5
南落星村委会,370921105214,,5
星泉村委会,370921105215,,5
所里村委会,370921105216,,5
赵家堂村委会,370921105217,,5
班家堂村委会,370921105218,,5
东孙家滩村委会,370921105219,,5
西孙家滩村委会,370921105220,,5
韩家店村委会,370921105221,,5
高桥村委会,370921105222,,5
北落星村委会,370921105223,,5
陈家店村委会,370921105224,,5
王家庄村委会,370921105225,,5
袁家庄村委会,370921105226,,5
樊家营村委会,370921105227,,5
伏家庙村委会,370921105228,,5
辛朱李村委会,370921105229,,5
杨家庄村委会,370921105230,,5
住山庄村委会,370921105231,,5
刘伶墓村委会,370921105232,,5
东沙岗村委会,370921105233,,5
张家店村委会,370921105234,,5
邵家庙村委会,370921105235,,5
平家庄村委会,370921105236,,5
大张家庄村委会,370921105238,,5
殷官堂村委会,370921105239,,5
侯家庄村委会,370921105240,,5
大孔庄村委会,370921105241,,5
刘家庄村委会,370921105242,,5
茅庄桥北村委会,370921105243,,5
茅庄桥南村委会,370921105244,,5
大安村委会,370921105245,,5
保安村委会,370921105246,,5
八里庙村委会,370921105247,,5
西台里村委会,370921105248,,5
东台里村委会,370921105249,,5
苑家庄村委会,370921105250,,5
台北岭村委会,370921105251,,5
前茅庄村委会,370921105252,,5
前望峰村委会,370921105253,,5
后望峰村委会,370921105254,,5
小孔庄村委会,370921105255,,5
果庄村委会,370921105256,,5
南宁家庄村委会,370921105257,,5
苏家庄村委会,370921105258,,5
西宁家庄村委会,370921105259,,5
辛安店村委会,370921105260,,5
良村村委会,370921105261,,5
天兵店村委会,370921105262,,5
得时村村委会,370921105263,,5
赵家庄村委会,370921107201,,5
张家营村委会,370921107202,,5
马家院村委会,370921107203,,5
王家院村委会,370921107204,,5
蒋集村委会,370921107205,,5
郭家庄村委会,370921107206,,5
大胡庄村委会,370921107207,,5
添福庄东南村委会,370921107208,,5
添福庄西南村委会,370921107209,,5
添福庄西北村委会,370921107210,,5
黄家庵村委会,370921107211,,5
张家龙泉村委会,370921107212,,5
郑家龙泉村委会,370921107213,,5
苏家龙泉村委会,370921107214,,5
岗子村委会,370921107215,,5
前彭家庄村委会,370921107216,,5
中河村委会,370921107217,,5
何家堂村委会,370921107218,,5
吕家庄村委会,370921107219,,5
前蔡家洼村委会,370921107220,,5
西蔡家洼村委会,370921107221,,5
杏山后村委会,370921107222,,5
张家圩子村委会,370921107223,,5
马家庄村委会,370921107224,,5
栗家楼村委会,370921107225,,5
大槐树村委会,370921107226,,5
宁家庄村委会,370921107227,,5
大安庄村委会,370921107228,,5
东彭家庄村委会,370921107229,,5
肖傅村委会,370921107230,,5
三井村委会,370921107231,,5
八大庄村委会,370921107232,,5
西太平村委会,370921109201,,5
磁窑西村村委会,370921109202,,5
磁窑南村村委会,370921109203,,5
磁窑东村村委会,370921109204,,5
磁窑北村村委会,370921109205,,5
后丁家庙村委会,370921109206,,5
前丁家庙村委会,370921109207,,5
齐家庄村委会,370921109208,,5
郑家庄村委会,370921109209,,5
后海子村委会,370921109210,,5
前海子村委会,370921109211,,5
齐家岭村委会,370921109212,,5
堡头村委会,370921109213,,5
路家花观村委会,370921109214,,5
程家花观村委会,370921109215,,5
周家庄村委会,370921109216,,5
大周村村委会,370921109217,,5
庙西村委会,370921109218,,5
尹家寨村委会,370921109219,,5
官庄村委会,370921109220,,5
彩山庄村委会,370921109221,,5
魏家庄村委会,370921109222,,5
韩家庄村委会,370921109223,,5
臧家庄村委会,370921109224,,5
刘家洼村委会,370921109225,,5
王家张庄村委会,370921109226,,5
卢家寨村委会,370921109227,,5
逯家楼村委会,370921109228,,5
老王庄村委会,370921109229,,5
颜家庄村委会,370921109230,,5
朴家宅村委会,370921109231,,5
大旺村委会,370921109232,,5
南驿村委会,370921109233,,5
前李家村村委会,370921109234,,5
镇武庙村委会,370921109235,,5
李家院村委会,370921109236,,5
孔家村村委会,370921109237,,5
姬家庄村委会,370921109238,,5
东磨庄村委会,370921109239,,5
大磨庄村委会,370921109240,,5
后李家村村委会,370921109241,,5
中李家村村委会,370921109242,,5
涝坡村委会,370921109243,,5
前泗旺村委会,370921109244,,5
东泗旺村委会,370921109245,,5
泗旺集村委会,370921109246,,5
后泗旺村委会,370921109247,,5
郭家庄村委会,370921109248,,5
北刘家庄村委会,370921109249,,5
涝洼村委会,370921109250,,5
金家岭村委会,370921109251,,5
周家庄村村委会,370921109252,,5
东贤村村委会,370921109253,,5
西贤村村委会,370921109254,,5
西刘家庄村委会,370921109255,,5
王府村委会,370921109256,,5
茂义庄村委会,370921109257,,5
安子沟村委会,370921109258,,5
尹家洼村委会,370921109259,,5
宿家庄村委会,370921109260,,5
王家庄村村委会,370921109261,,5
洪水湾村委会,370921109262,,5
高家村村委会,370921109263,,5
岳家庄村委会,370921109264,,5
李家庄村委会,370921109265,,5
范家院村委会,370921109266,,5
近河庄村委会,370921109267,,5
南贤村村委会,370921109268,,5
河洼村委会,370921109269,,5
后石桥村委会,370921109270,,5
黄家庄村委会,370921109271,,5
高家店村委会,370921109272,,5
石鼓庄村委会,370921109273,,5
兴隆庄村委会,370921109274,,5
青后庄村委会,370921109275,,5
前石桥村委会,370921109276,,5
贺家庄村委会,370921109277,,5
石屋村委会,370921109278,,5
水泉庄村委会,370921109279,,5
赵家坝村委会,370921109280,,5
枣庄村委会,370921109281,,5
羊栏庄村委会,370921109282,,5
彩石庄村委会,370921109283,,5
枕河庄村委会,370921109284,,5
邢家庄村委会,370921109285,,5
尚家庄村委会,370921109286,,5
守安庄村委会,370921109287,,5
小胡庄村委会,370921109288,,5
西周村委会,370921109289,,5
西磁窑村村委会,370921109290,,5
国家庄村委会,370921109291,,5
泊家庄村委会,370921109292,,5
东磁东村村委会,370921110201,,5
歇息铺村委会,370921110202,,5
田家院村委会,370921110204,,5
东磁西村村委会,370921110205,,5
新街村委会,370921110206,,5
白土厂村委会,370921110207,,5
井泉庄村委会,370921110208,,5
南高村村委会,370921110211,,5
北高村村委会,370921110212,,5
西高村村委会,370921110213,,5
石家门村委会,370921110214,,5
张家寨村委会,370921110215,,5
任家街村委会,370921110216,,5
东北庄村委会,370921110217,,5
永安寨村委会,370921110218,,5
北马家寨村委会,370921110219,,5
南梁父村委会,370921110220,,5
小河西村委会,370921110221,,5
胜天庄村委会,370921110222,,5
乔家庄村委会,370921110223,,5
东爵山村委会,370921110224,,5
红旗村委会,370921110225,,5
西爵山村委会,370921110226,,5
马梁村委会,370921110227,,5
塘坊村委会,370921110228,,5
成功庄村委会,370921110229,,5
张家村村委会,370921110230,,5
湖村村委会,370921110231,,5
北故城村委会,370921110232,,5
西故城村委会,370921110233,,5
高庄村委会,370921110234,,5
梅家村村委会,370921110235,,5
东营村委会,370921110236,,5
西营村委会,370921110237,,5
朱家洼村委会,370921110238,,5
埠南村委会,370921110239,,5
进粮庄村委会,370921110240,,5
满家村村委会,370921110241,,5
后吕观村委会,370921110242,,5
前吕观村委会,370921110243,,5
南马家寨村委会,370921110244,,5
杨家庄村委会,370921110245,,5
上陡沟村委会,370921110246,,5
下陡沟村委会,370921110247,,5
永义庄村委会,370921110248,,5
沈家庄村委会,370921110249,,5
大王家庄村委会,370921110250,,5
韩家岭村委会,370921110251,,5
门家庄村委会,370921110252,,5
南王家庄村委会,370921110253,,5
西范家庄村委会,370921110254,,5
东范家庄村委会,370921110255,,5
顺义庄村委会,370921110256,,5
孔家庄村委会,370921110257,,5
梧桐峪村委会,370921110258,,5
潘家庄村委会,370921110259,,5
胡家庄村委会,370921110260,,5
凤山峪村委会,370921110261,,5
翟家庄村委会,370921110262,,5
葛石店村委会,370921111201,,5
东云岗村委会,370921111202,,5
官庄村委会,370921111203,,5
刘家庄村委会,370921111204,,5
涧西村委会,370921111205,,5
沙埠村委会,370921111206,,5
黑石铺村委会,370921111207,,5
宁家庄村委会,370921111208,,5
北庄村委会,370921111209,,5
张家崖村委会,370921111210,,5
柳沟村委会,370921111211,,5
鹿家崖村委会,370921111212,,5
石碣集村委会,370921111213,,5
茌家庄村委会,370921111214,,5
三埠村委会,370921111215,,5
北韦周村委会,370921111216,,5
夏庄村委会,370921111217,,5
曹家寨村委会,370921111218,,5
山前村村委会,370921111219,,5
陈家店村委会,370921111220,,5
乱石崖村委会,370921111221,,5
古树口村委会,370921111222,,5
虎城村村委会,370921111223,,5
杏山庄村委会,370921111224,,5
宝泉村委会,370921111225,,5
夏代堂村委会,370921111226,,5
徐家营村委会,370921111227,,5
东庄村委会,370921112201,,5
北鄙村委会,370921112202,,5
南故城村委会,370921112203,,5
大张家庄村委会,370921112204,,5
西张家庄村委会,370921112205,,5
杏花村村委会,370921112206,,5
北葛家圈村委会,370921112207,,5
官庄村委会,370921112208,,5
任门村委会,370921112209,,5
东直界村委会,370921112210,,5
西直界村委会,370921112211,,5
南山阴村委会,370921112212,,5
东山阴村委会,370921112213,,5
西山阴村委会,370921112214,,5
南石崮村委会,370921112215,,5
大石崮村委会,370921112216,,5
北石崮村委会,370921112217,,5
东韩家庄村委会,370921112218,,5
坡里村委会,370921112219,,5
中韩家庄村委会,370921112220,,5
西韩家庄村委会,370921112221,,5
金家庄村委会,370921112222,,5
东崔家庄村委会,370921112223,,5
解家庄村委会,370921112224,,5
周家泉村委会,370921112225,,5
葛家庄村委会,370921112226,,5
南鄙东村委会,370921112227,,5
南鄙西村委会,370921112228,,5
南鄙南村委会,370921112229,,5
路家庄村委会,370921112230,,5
刘家屋村委会,370921112231,,5
西崔家庄村委会,370921112232,,5
北陈村村委会,370921112233,,5
南陈村村委会,370921112234,,5
陈美庄村委会,370921112235,,5
孔家庄村委会,370921112236,,5
老庄子村委会,370921112237,,5
石门村委会,370921112238,,5
满良庄村委会,370921112239,,5
南葛家圈村委会,370921112240,,5
钟家庄村委会,370921112241,,5
王家庄村委会,370921112242,,5
东谷堆村委会,370921112243,,5
中谷堆村委会,370921112244,,5
西谷堆村委会,370921112245,,5
王卞社区,370921113001,,5
前鹤山村委会,370921113201,,5
后鹤山村委会,370921113202,,5
桃园村委会,370921113203,,5
史家庄村委会,370921113204,,5
路家庄村委会,370921113205,,5
黄山庄村委会,370921113206,,5
徐家平村委会,370921113207,,5
刘楼村委会,370921113208,,5
郭家平村委会,370921113209,,5
王家平村委会,370921113210,,5
牌坊街村委会,370921113211,,5
孔家庙村委会,370921113212,,5
白塔寺村委会,370921113213,,5
汪泉屯村委会,370921113214,,5
杏山庄村委会,370921113215,,5
泗皋西北村委会,370921113216,,5
泗皋东北村委会,370921113217,,5
泗皋西南村委会,370921113218,,5
泗皋东南村委会,370921113219,,5
小辛庄村委会,370921113220,,5
大辛庄村委会,370921113221,,5
桑家庄村委会,370921113222,,5
安家庄村委会,370921113223,,5
雷家庄村委会,370921113224,,5
沈家西皋村委会,370921113225,,5
刘家西皋村委会,370921113226,,5
王家西皋村委会,370921113227,,5
中皋村委会,370921113228,,5
东皋村委会,370921113229,,5
赵家庄村委会,370921113230,,5
山后村委会,370921113232,,5
东山前村委会,370921113233,,5
邵家庄村委会,370921113234,,5
鹅鸭厂村委会,370921113235,,5
西山前村委会,370921113236,,5
王卞寨村委会,370921113239,,5
侯家庄村委会,370921113240,,5
东罗山村委会,370921113242,,5
中罗山村委会,370921113243,,5
西罗山村委会,370921113244,,5
前罗山村委会,370921113245,,5
周家庄村委会,370921113246,,5
坡庄村委会,370921113247,,5
崔家河村委会,370921113248,,5
大庄村委会,370921113249,,5
乡饮村委会,370921206201,,5
常家屯村委会,370921206202,,5
南赵庄村村委会,370921206203,,5
崇化村村委会,370921206204,,5
保安店村委会,370921206205,,5
沙河庄村委会,370921206206,,5
汉马河村委会,370921206207,,5
韦周村委会,370921206208,,5
五厂村委会,370921206209,,5
柳云村村委会,370921206210,,5
八官庄村委会,370921206211,,5
金马村委会,370921206212,,5
蛮家营村委会,370921206213,,5
郭家沟村委会,370921206214,,5
龙堂村委会,370921206215,,5
东平街道地区,370923001000,23/370923001.html,4
州城街道地区,370923002000,23/370923002.html,4
彭集街道地区,370923003000,23/370923003.html,4
沙河站镇,370923101000,23/370923101.html,4
老湖镇,370923106000,23/370923106.html,4
银山镇,370923107000,23/370923107.html,4
斑鸠店镇,370923108000,23/370923108.html,4
接山镇,370923109000,23/370923109.html,4
大羊镇,370923110000,23/370923110.html,4
梯门镇,370923111000,23/370923111.html,4
新湖镇,370923112000,23/370923112.html,4
戴庙镇,370923113000,23/370923113.html,4
商老庄乡,370923206000,23/370923206.html,4
旧县乡,370923208000,23/370923208.html,4
刘范村社区居委会,370923001001,,5
高范村社区居委会,370923001002,,5
护驾村社区居委会,370923001003,,5
赤脸店社区居委会,370923001004,,5
赵桥社区居委会,370923001005,,5
后屯社区居委会,370923001006,,5
闫村社区居委会,370923001007,,5
李范村社区居委会,370923001009,,5
尹范村社区居委会,370923001010,,5
虹桥社区居委会,370923001011,,5
李泉子村委会,370923001208,,5
井庄村委会,370923001212,,5
董庄村委会,370923001213,,5
大陈庄村委会,370923001214,,5
一担土村委会,370923001215,,5
望驾村村委会,370923001216,,5
顾驾村村委会,370923001217,,5
栾庄村委会,370923001218,,5
无盐村委会,370923001219,,5
牌子村委会,370923001220,,5
吴庄村委会,370923001221,,5
孟寨村委会,370923001222,,5
北城子村委会,370923001223,,5
井仓村委会,370923001224,,5
驻驾村村委会,370923001225,,5
韩庄村委会,370923001226,,5
孟村村委会（北）,370923001227,,5
徐村村委会,370923001228,,5
赵村村委会,370923001229,,5
井峪村委会,370923001230,,5
郝沟村委会,370923001231,,5
大井村委会,370923001232,,5
宿城村委会,370923001233,,5
罗庄村委会,370923001234,,5
古台寺村委会,370923001235,,5
焦村村委会,370923001236,,5
焦园村委会,370923001237,,5
卜楼村委会,370923001238,,5
营子村委会,370923001239,,5
北马庄村委会,370923001240,,5
前辛庄村委会,370923001241,,5
前路口村委会,370923001242,,5
东官屯村委会,370923001243,,5
后路口村委会,370923001244,,5
蔡村村委会,370923001245,,5
毛庄村委会,370923001246,,5
稻屯村委会,370923001247,,5
百户庄村委会,370923001248,,5
诵尧台村委会,370923001249,,5
单楼村委会,370923001250,,5
秦海子村委会,370923001251,,5
张庄村委会,370923001252,,5
陈庄村委会,370923001253,,5
西辛庄村委会,370923001254,,5
刘庄村委会,370923001255,,5
小河村委会,370923001256,,5
塘坊村委会,370923001257,,5
石楼村委会,370923001258,,5
西官屯村委会,370923001259,,5
于寺村委会,370923001260,,5
石马村委会,370923001261,,5
王村村委会,370923001262,,5
东豆山村委会,370923001263,,5
西豆山村委会,370923001264,,5
孟村村委会,370923001265,,5
河沟村委会,370923001266,,5
卞庄村委会,370923001267,,5
铁板桥村委会,370923001268,,5
曹村村委会,370923001269,,5
龙山屯村委会,370923001270,,5
尚庄村委会,370923001271,,5
东海子村委会,370923001272,,5
前海子村委会,370923001273,,5
金山口村委会,370923001274,,5
荷花楼村委会,370923002201,,5
孙岗村委会,370923002202,,5
仁河嘴村委会,370923002203,,5
纸坊村委会,370923002204,,5
吴庄村委会,370923002205,,5
芦墓坟村委会,370923002206,,5
陈坊村委会,370923002207,,5
孙庙村委会,370923002208,,5
解楼村委会,370923002209,,5
西郑庄村委会,370923002210,,5
王桃园村委会,370923002211,,5
李桃园村委会,370923002212,,5
石桃园村委会,370923002213,,5
陈堤村委会,370923002214,,5
师柳林村委会,370923002215,,5
陈柳林村委会,370923002216,,5
于海村委会,370923002217,,5
张柳林村委会,370923002218,,5
双楼村委会,370923002219,,5
刘桃园村委会,370923002220,,5
单楼村委会,370923002221,,5
后河涯村委会,370923002222,,5
田庄村委会,370923002223,,5
东郑庄村委会,370923002224,,5
武家漫村委会,370923002225,,5
孟楼村委会,370923002226,,5
高庄村委会,370923002227,,5
夹河村委会,370923002228,,5
亓庄村委会,370923002229,,5
马庄村委会,370923002230,,5
后莲花湾村委会,370923002231,,5
前莲花湾村委会,370923002232,,5
大梁庄村委会,370923002233,,5
王楼西村村委会,370923002234,,5
解河口村委会,370923002235,,5
马口村委会,370923002236,,5
张楼村委会,370923002237,,5
孟庄村委会,370923002238,,5
王楼东村委会,370923002239,,5
梁场村委会,370923002240,,5
王庄村委会,370923002241,,5
海子村委会,370923002242,,5
展元村委会,370923002243,,5
冯楼村委会,370923002244,,5
杜尧洼村委会,370923002245,,5
王尧洼村委会,370923002246,,5
葛针园村委会,370923002247,,5
亭坡村委会,370923002248,,5
梁村村委会,370923002249,,5
杨庄村委会,370923002250,,5
付庄村委会,370923002251,,5
刘楼村委会,370923002252,,5
荣花树村委会,370923002253,,5
张圈村委会,370923002254,,5
楼岔村委会,370923002255,,5
东张庄村委会,370923002256,,5
徐庄村委会,370923002257,,5
牌坊村委会,370923002258,,5
南门村委会,370923002259,,5
关庙村委会,370923002260,,5
桂井子村委会,370923002261,,5
南关村委会,370923002262,,5
南庄村委会,370923002263,,5
西关村委会,370923002264,,5
大西门村委会,370923002265,,5
北门村委会,370923002266,,5
西门村委会,370923002267,,5
大东门村委会,370923002268,,5
文庙村委会,370923002269,,5
大寺村委会,370923002270,,5
小东门村委会,370923002271,,5
彭集村委会,370923003201,,5
岔河门村委会,370923003202,,5
后围村委会,370923003203,,5
三义庄村委会,370923003204,,5
栾庙村委会,370923003205,,5
小孟村村委会,370923003206,,5
王庄村委会,370923003207,,5
小刘庄村委会,370923003208,,5
大孟村村委会,370923003209,,5
西史庄村委会,370923003210,,5
东史庄村委会,370923003211,,5
东郭庄村委会,370923003212,,5
冯庄村委会,370923003213,,5
裴寨村委会,370923003214,,5
袁楼村委会,370923003215,,5
西郭庄村委会,370923003216,,5
南城子村委会,370923003217,,5
后代村村委会,370923003218,,5
前代村村委会,370923003219,,5
代家村村委会,370923003220,,5
马代村村委会,370923003221,,5
吕庙村委会,370923003222,,5
和睦庄村委会,370923003223,,5
吕楼村委会,370923003224,,5
刘王庄村委会,370923003225,,5
大高庄村委会,370923003226,,5
小高庄村委会,370923003227,,5
后亭村委会,370923003228,,5
龙崮村委会,370923003229,,5
后海村委会,370923003230,,5
前海村委会,370923003231,,5
袁海村委会,370923003232,,5
安村村委会,370923003233,,5
尚流泽村委会,370923003234,,5
陈流泽村委会,370923003235,,5
马流泽村委会,370923003236,,5
孙流泽村委会,370923003237,,5
苇子河村委会,370923003238,,5
柳营村委会,370923003239,,5
东梁村村委会,370923003240,,5
常庄村村委会,370923003241,,5
王圈村委会,370923003242,,5
曹庙村委会,370923003243,,5
东李楼村委会,370923003244,,5
程村村委会,370923003245,,5
赵楼村委会,370923003246,,5
李海村委会,370923003247,,5
小牛村村委会,370923003248,,5
鲁屯村委会,370923003249,,5
大牛村村委会,370923003250,,5
北张圈村委会,370923003251,,5
陈圈村委会,370923003252,,5
解庄村委会,370923003253,,5
沙北村村委会,370923101201,,5
沙南村村委会,370923101202,,5
丰庄村委会,370923101203,,5
于楼村委会,370923101204,,5
黄路沟村委会,370923101205,,5
中李庄村委会,370923101206,,5
董堂村委会,370923101207,,5
贾海村委会,370923101208,,5
大王营村委会,370923101209,,5
小王营村委会,370923101210,,5
曾庙村委会,370923101211,,5
北场村委会,370923101212,,5
小辛庄村委会,370923101213,,5
王堂村委会,370923101214,,5
冯洼村委会,370923101215,,5
乔村村委会,370923101216,,5
马河村委会,370923101217,,5
东杨楼村委会,370923101218,,5
双楼村委会,370923101219,,5
西杨楼村委会,370923101220,,5
熊村村委会,370923101221,,5
张老庄村委会,370923101222,,5
吴桃园村委会,370923101223,,5
徐楼村委会,370923101224,,5
常庙村委会,370923101225,,5
杨营村委会,370923101226,,5
大巴掌柳村委会,370923101227,,5
东巴掌柳村委会,370923101228,,5
张庄村委会,370923101229,,5
屈楼村委会,370923101230,,5
洪福寺村委会,370923101231,,5
李村村委会,370923101232,,5
三官庙南村村委会,370923101233,,5
三官庙北村村委会,370923101234,,5
三官庙西村村委会,370923101235,,5
孟庄村委会,370923101236,,5
八角堂村委会,370923101237,,5
韩村村委会,370923101238,,5
蔡庄店村委会,370923101239,,5
樱桃园村委会,370923101240,,5
华堂村委会,370923101241,,5
丁堂村委会,370923101242,,5
林海村委会,370923101243,,5
二郎庙村委会,370923101244,,5
西李庄村委会,370923101245,,5
西张圈村委会,370923101246,,5
前河涯村委会,370923101247,,5
小杨庄村委会,370923101248,,5
大杨庄村委会,370923101249,,5
王庄村委会,370923101250,,5
李圈村委会,370923101251,,5
侯圈村委会,370923101252,,5
韩圈村委会,370923101253,,5
尹村村委会,370923101254,,5
大刘庄村委会,370923101255,,5
董寨村委会,370923101256,,5
廖村村委会,370923101257,,5
何村村委会,370923101258,,5
李纸坊村委会,370923101259,,5
东李庄村委会,370923101260,,5
孙楼村委会,370923101261,,5
张村村委会,370923101262,,5
柏村集村委会,370923101263,,5
芦村村委会,370923101264,,5
孙村村委会,370923101265,,5
庄科村委会,370923106201,,5
二十里铺村委会,370923106202,,5
前仓村委会,370923106203,,5
宋园村委会,370923106204,,5
侯林村委会,370923106205,,5
烟墩村委会,370923106206,,5
山赵庄村委会,370923106207,,5
孟庄村委会,370923106208,,5
朱桥村委会,370923106209,,5
刘洼村委会,370923106210,,5
七里铺村委会,370923106211,,5
黄花园村委会,370923106212,,5
贾村村委会,370923106213,,5
展营村委会,370923106214,,5
董庄村委会,370923106215,,5
桥口村委会,370923106216,,5
陈庄村委会,370923106217,,5
窦庄村委会,370923106218,,5
马庄村委会,370923106219,,5
赵老庄村委会,370923106220,,5
前梁村委会,370923106221,,5
刘庄村委会,370923106222,,5
前楼村委会,370923106223,,5
西村四村村委会,370923106224,,5
西村三村村委会,370923106225,,5
西村二村村委会,370923106226,,5
西村一村村委会,370923106227,,5
后梁村委会,370923106228,,5
教子峪村委会,370923106229,,5
陈辛庄村委会,370923106230,,5
前埠子村委会,370923106231,,5
南辛庄村委会,370923106232,,5
老湖村村委会,370923106233,,5
后仓村委会,370923106234,,5
涧流村委会,370923106235,,5
后埠子村委会,370923106236,,5
王李屯村委会,370923106237,,5
冯楼村委会,370923106238,,5
侯屯村委会,370923106239,,5
大王峪村委会,370923106240,,5
南山头村委会,370923106241,,5
马凉庄村委会,370923106242,,5
前茶棚村委会,370923106243,,5
后茶棚村委会,370923106244,,5
辛店铺村委会,370923106245,,5
九女泉村委会,370923106246,,5
上水河村委会,370923106247,,5
前水河村委会,370923106248,,5
沈铺村委会,370923106249,,5
簸箕峪村委会,370923106250,,5
梁林村委会,370923106251,,5
宋村村委会,370923106252,,5
周林村委会,370923106253,,5
桓村村委会,370923106254,,5
单楼村委会,370923106255,,5
郭楼村委会,370923106256,,5
焦铺村委会,370923106257,,5
柳村村委会,370923106258,,5
杨村村委会,370923106259,,5
段庄村委会,370923106260,,5
高沟村委会,370923106261,,5
袁沟村委会,370923106262,,5
冯庄村委会,370923106263,,5
后水河村委会,370923106264,,5
毛瓮村委会,370923106265,,5
芦山村委会,370923106266,,5
朱庄村委会,370923106267,,5
展庄村委会,370923106268,,5
付庄村委会,370923106269,,5
李台村委会,370923106270,,5
王台村委会,370923106271,,5
前银山村委会,370923107201,,5
后银山村委会,370923107202,,5
东茂王村委会,370923107203,,5
段沃村委会,370923107204,,5
西茂王村委会,370923107205,,5
孙皋村委会,370923107206,,5
贺庄村委会,370923107207,,5
张山窝村委会,370923107208,,5
簸箕王村委会,370923107209,,5
铁山头村委会,370923107210,,5
大洪口村委会,370923107211,,5
徐把什村委会,370923107212,,5
北刘村委会,370923107213,,5
石庙村委会,370923107214,,5
肖庄村委会,370923107215,,5
徐庄村委会,370923107216,,5
郭楼村委会,370923107217,,5
杨庄村委会,370923107218,,5
刘庄村委会,370923107219,,5
闫海村委会,370923107220,,5
沈屯村委会,370923107221,,5
战屯村委会,370923107222,,5
耿山口村委会,370923107223,,5
南刘村委会,370923107224,,5
马山头村委会,370923107225,,5
蔡窝村委会,370923107226,,5
狗山村委会,370923107227,,5
后楼村委会,370923107228,,5
毛山头村委会,370923107229,,5
轩堂村委会,370923107230,,5
东钓台村委会,370923107231,,5
西钓台村委会,370923107232,,5
玄桥村委会,370923107233,,5
昆山村委会,370923107234,,5
南堂子村委会,370923107235,,5
山赵村委会,370923107236,,5
牛楼村委会,370923107237,,5
牛庄村委会,370923107238,,5
山窝村委会,370923107239,,5
西腊山村委会,370923107240,,5
东腊山村委会,370923107241,,5
卧牛山村委会,370923107242,,5
顾庞村委会,370923107243,,5
西汪村委会,370923107244,,5
斑鸠店村委会,370923108201,,5
焦村村委会,370923108202,,5
豆山村委会,370923108203,,5
名山村委会,370923108204,,5
北枣园村委会,370923108205,,5
李庄村委会,370923108206,,5
荫柳棵村委会,370923108207,,5
康村村委会,370923108208,,5
王庙村委会,370923108209,,5
张庄村委会,370923108210,,5
皇殿村委会,370923108211,,5
柏松山村委会,370923108212,,5
解山村委会,370923108213,,5
李辛村委会,370923108214,,5
马庄村委会,370923108215,,5
子路村委会,370923108216,,5
黄庄村委会,370923108217,,5
前山村委会,370923108218,,5
陈庄村委会,370923108219,,5
杨闸村委会,370923108220,,5
东龙山村委会,370923108221,,5
西龙山村委会,370923108222,,5
上庞口村委会,370923108223,,5
东庞口村委会,370923108224,,5
王庄村委会,370923108225,,5
八里汀村委会,370923108226,,5
南枣园村委会,370923108227,,5
淹王沟村委会,370923108228,,5
岱程村委会,370923108229,,5
郑屯村委会,370923108230,,5
卢屯村委会,370923108231,,5
郑窝村委会,370923108232,,5
裴窝村委会,370923108233,,5
东堂子村委会,370923108234,,5
中堂子村委会,370923108235,,5
西堂子村委会,370923108236,,5
山嘴村委会,370923108237,,5
路村村委会,370923108238,,5
侯河村委会,370923108239,,5
魏河村委会,370923108240,,5
接山村委会,370923109201,,5
张场村委会,370923109202,,5
满村村委会,370923109203,,5
姜庄村委会,370923109204,,5
黄徐庄村委会,370923109205,,5
周徐庄村委会,370923109206,,5
张徐庄村委会,370923109207,,5
南山庄村委会,370923109208,,5
大张庄村委会,370923109209,,5
东荣花树村委会,370923109210,,5
中套村委会,370923109211,,5
下套村委会,370923109212,,5
徐村村委会,370923109213,,5
纸坊村委会,370923109214,,5
花园村委会,370923109215,,5
前寨子村委会,370923109216,,5
鄣城村委会,370923109217,,5
东杨郭庄村委会,370923109218,,5
西杨郭庄村委会,370923109219,,5
席桥村委会,370923109220,,5
后口头村委会,370923109221,,5
前口头村委会,370923109222,,5
齐村村委会,370923109223,,5
刘所村委会,370923109224,,5
夏谢一村村委会,370923109225,,5
夏谢二村村委会,370923109226,,5
夏谢三村村委会,370923109227,,5
夏谢四村村委会,370923109228,,5
夏谢五村村委会,370923109229,,5
后寨子村委会,370923109230,,5
苍邱一村村委会,370923109231,,5
苍邱二村村委会,370923109232,,5
苍邱三村村委会,370923109233,,5
辛庄村委会,370923109234,,5
常庄一村村委会,370923109235,,5
常庄二村村委会,370923109236,,5
常庄三村村委会,370923109237,,5
东屯村委会,370923109238,,5
南屯村委会,370923109239,,5
徐坦村委会,370923109240,,5
林马庄村委会,370923109241,,5
尹山庄村委会,370923109242,,5
肖庄村委会,370923109243,,5
麻子峪村委会,370923109244,,5
山神庙村委会,370923109245,,5
牛山庄村委会,370923109246,,5
李山头村委会,370923109247,,5
上遂城东村村委会,370923109248,,5
上遂城西村村委会,370923109249,,5
下遂城村委会,370923109250,,5
北遂城村委会,370923109251,,5
朝阳庄村委会,370923109252,,5
西南村村委会,370923110201,,5
西北村村委会,370923110202,,5
东南村村委会,370923110203,,5
东北村村委会,370923110204,,5
前杨村委会,370923110205,,5
后杨村委会,370923110206,,5
魏楼村委会,370923110207,,5
东王村委会,370923110208,,5
前郑庄村委会,370923110209,,5
后郑庄村委会,370923110210,,5
丁坞村委会,370923110211,,5
冯大羊村委会,370923110212,,5
李大羊村委会,370923110213,,5
东三旺村委会,370923110214,,5
西三旺村委会,370923110215,,5
西王村委会,370923110216,,5
北侯村委会,370923110217,,5
马楼村委会,370923110218,,5
杜村村委会,370923110219,,5
张村村委会,370923110220,,5
南留屯村委会,370923110221,,5
展庄村委会,370923110222,,5
郭山村委会,370923110223,,5
马寨村委会,370923110224,,5
前魏雪村委会,370923110225,,5
后魏雪村委会,370923110226,,5
裴洼村委会,370923110227,,5
清水坦村委会,370923110228,,5
土安村委会,370923110229,,5
辛庄村委会,370923110230,,5
许村村委会,370923110231,,5
泉沟村委会,370923110233,,5
苑庄村委会,370923110234,,5
响场村委会,370923110239,,5
毕庄村委会,370923110240,,5
李庄村委会,370923110241,,5
王庄村委会,370923110242,,5
东梯门村委会,370923111201,,5
西梯门村委会,370923111202,,5
西芦泉屯村委会,370923111204,,5
东门村委会,370923111205,,5
汤庄村委会,370923111206,,5
南门村委会,370923111207,,5
西南门村委会,370923111208,,5
大洼村委会,370923111209,,5
花篮店村委会,370923111210,,5
一里庄村委会,370923111211,,5
武村村委会,370923111212,,5
王海村委会,370923111213,,5
陈楼村委会,370923111214,,5
苏庄村委会,370923111215,,5
山头村委会,370923111216,,5
五里庄村委会,370923111217,,5
三里庄村委会,370923111218,,5
二里庄村委会,370923111219,,5
大屯村委会,370923111220,,5
李家所村委会,370923111221,,5
冯庄村委会,370923111222,,5
石河王村委会,370923111223,,5
东沟流村委会,370923111224,,5
李庄村委会,370923111225,,5
西沟流村委会,370923111226,,5
南李庄村委会,370923111227,,5
后山西屯村委会,370923111228,,5
前山西屯村委会,370923111229,,5
陈庄村委会,370923111230,,5
西侯庄村委会,370923111231,,5
东柿子园村委会,370923111232,,5
西柿子园村委会,370923111233,,5
北陈村委会,370923111234,,5
牛家庄村委会,370923111235,,5
马庄村委会,370923111236,,5
东瓦庄村委会,370923111237,,5
西瓦庄村委会,370923111238,,5
范山村委会,370923111239,,5
向阳庄村委会,370923111240,,5
双塔村委会,370923111241,,5
尚园村委会,370923111242,,5
大侯庄村委会,370923111243,,5
刘楼村委会,370923112201,,5
凤凰台村委会,370923112202,,5
堤子村委会,370923112203,,5
王管村村委会,370923112204,,5
吕祖庙村委会,370923112205,,5
宫村村委会,370923112206,,5
侯家楼村委会,370923112207,,5
侯河村委会,370923112208,,5
唐营村委会,370923112209,,5
张坦村委会,370923112210,,5
萧村村委会,370923112211,,5
叶庄村委会,370923112212,,5
张桥村委会,370923112213,,5
赵村村委会,370923112214,,5
郝洼村委会,370923112215,,5
范岗村委会,370923112216,,5
坝口村委会,370923112217,,5
齐桥村委会,370923112218,,5
小河涯村委会,370923112219,,5
朱管村村委会,370923112220,,5
唐楼村委会,370923112221,,5
七神堂村委会,370923112222,,5
臧庄村委会,370923112223,,5
轩场村委会,370923112224,,5
王仲口村委会,370923112225,,5
常仲口村委会,370923112226,,5
杨岗村委会,370923112227,,5
香铺村委会,370923112228,,5
鲁庄村委会,370923112229,,5
东王洼村委会,370923112230,,5
西王洼村委会,370923112231,,5
冯洼村委会,370923112232,,5
范洼村委会,370923112233,,5
蒋口村委会,370923112234,,5
霍庄村委会,370923112235,,5
索庄村委会,370923112236,,5
刘庄村委会,370923112237,,5
西马庄村委会,370923112238,,5
范庄村委会,370923112239,,5
西王庄村委会,370923112240,,5
巩楼村委会,370923112241,,5
辘轳吊村委会,370923112242,,5
楼岔村委会,370923112243,,5
窦府营村委会,370923112244,,5
郭楼村委会,370923112245,,5
郭场村委会,370923112246,,5
牛圈村委会,370923112247,,5
孙庄村委会,370923112248,,5
西李楼村委会,370923112249,,5
王楼村委会,370923112250,,5
杨场村委会,370923112251,,5
前泊村委会,370923112252,,5
后泊村委会,370923112253,,5
杨楼村委会,370923112254,,5
孟垓村委会,370923113201,,5
戴庙村委会,370923113202,,5
沈楼村委会,370923113203,,5
司里村委会,370923113204,,5
中金山村委会,370923113205,,5
东金山村委会,370923113206,,5
西金山村委会,370923113207,,5
土山村委会,370923113208,,5
王庄村委会,370923113209,,5
小刘村委会,370923113210,,5
三里庄村委会,370923113211,,5
谭那里村委会,370923113212,,5
杨岱村委会,370923113213,,5
小徐村委会,370923113214,,5
十里堡村委会,370923113215,,5
宋圈村委会,370923113216,,5
戚垓村委会,370923113217,,5
芦里村委会,370923113218,,5
小聂村委会,370923113219,,5
于庄村委会,370923113220,,5
小赵村委会,370923113221,,5
新华村委会,370923113222,,5
南杨庄村委会,370923113223,,5
前张庄村委会,370923113224,,5
陆庄村委会,370923113225,,5
西辛村委会,370923113226,,5
后吕庄村委会,370923113227,,5
张垓村委会,370923113228,,5
王常庄村委会,370923113229,,5
小李村委会,370923113230,,5
刘圈村委会,370923113231,,5
南庄村委会,370923113232,,5
五里堡村委会,370923113233,,5
辛那里村委会,370923113234,,5
薛庄村委会,370923113235,,5
范庄村委会,370923113236,,5
辛庄村委会,370923113237,,5
郭那里村委会,370923113238,,5
小王村委会,370923113239,,5
魏庄村委会,370923113240,,5
鹅刘村委会,370923113241,,5
后张庄村委会,370923113242,,5
段那里村委会,370923113243,,5
孙庄村委会,370923113244,,5
大赵村委会,370923113245,,5
董那里村委会,370923113246,,5
桑园村委会,370923113247,,5
师集村委会,370923113248,,5
商老庄村委会,370923206201,,5
董庙村委会,370923206202,,5
董辛庄村委会,370923206203,,5
庞那里村委会,370923206204,,5
张文远村委会,370923206205,,5
刘立村委会,370923206206,,5
商楼村委会,370923206207,,5
李桥村委会,370923206208,,5
赵庄村委会,370923206209,,5
义和庄村委会,370923206210,,5
刘万庄村委会,370923206211,,5
北李庄村委会,370923206212,,5
秦楼村委会,370923206213,,5
官场村委会,370923206214,,5
于王庄村委会,370923206215,,5
袁庄村委会,370923206216,,5
丁沙村委会,370923206217,,5
东李庄村委会,370923206218,,5
宋庄村委会,370923206219,,5
巩庄村委会,370923206220,,5
小吴村委会,370923206221,,5
井庄村委会,370923206222,,5
于庄村委会,370923206223,,5
潭坑涯村委会,370923206224,,5
田庄村委会,370923206225,,5
孙庄村委会,370923206226,,5
大安山村委会,370923206227,,5
新光村委会,370923206228,,5
潘孟于村委会,370923206229,,5
新村村委会,370923206230,,5
八里湾村委会,370923206231,,5
义和堤村委会,370923206232,,5
沈堤口村委会,370923206233,,5
三里庄村委会,370923206234,,5
薛庄村委会,370923206235,,5
旧县一村村委会,370923208201,,5
旧县二村村委会,370923208202,,5
旧县三村村委会,370923208203,,5
旧县四村村委会,370923208204,,5
王古店一村村委会,370923208205,,5
王古店二村村委会,370923208206,,5
王古店三村村委会,370923208207,,5
王古店四村村委会,370923208208,,5
王古店五村村委会,370923208209,,5
大吉城一村村委会,370923208210,,5
大吉城二村村委会,370923208211,,5
大吉城三村村委会,370923208212,,5
大吉城四村村委会,370923208213,,5
大吉城五村村委会,370923208214,,5
北吉城村委会,370923208215,,5
陈山口村委会,370923208216,,5
高徐村委会,370923208217,,5
山窝村委会,370923208218,,5
浮粮店村委会,370923208219,,5
寨子一村村委会,370923208220,,5
寨子二村村委会,370923208221,,5
寨子三村村委会,370923208222,,5
尹村一村村委会,370923208223,,5
尹村二村村委会,370923208224,,5
尹村三村村委会,370923208225,,5
姬庄村委会,370923208226,,5
姜沟村委会,370923208227,,5
大鹅山村委会,370923208228,,5
东鹅山村委会,370923208229,,5
屯村铺村村委会,370923208230,,5
青云街道,370982001000,82/370982001.html,4
新汶街道,370982002000,82/370982002.html,4
新甫街道,370982003000,82/370982003.html,4
东都镇,370982101000,82/370982101.html,4
小协镇,370982102000,82/370982102.html,4
翟镇,370982103000,82/370982103.html,4
泉沟镇,370982104000,82/370982104.html,4
羊流镇,370982105000,82/370982105.html,4
果都镇,370982106000,82/370982106.html,4
西张庄镇,370982107000,82/370982107.html,4
天宝镇,370982108000,82/370982108.html,4
楼德镇,370982110000,82/370982110.html,4
禹村镇,370982111000,82/370982111.html,4
宫里镇,370982112000,82/370982112.html,4
谷里镇,370982113000,82/370982113.html,4
石莱镇,370982114000,82/370982114.html,4
放城镇,370982115000,82/370982115.html,4
刘杜镇,370982116000,82/370982116.html,4
汶南镇,370982117000,82/370982117.html,4
龙廷镇,370982119000,82/370982119.html,4
岳家庄乡,370982203000,82/370982203.html,4
东关社区居委会,370982001001,,5
青云社区居委会,370982001002,,5
东城社区居委会,370982001003,,5
平阳社区居委会,370982001004,,5
田园社区居委会,370982001005,,5
福田社区居委会,370982001006,,5
新甫社区居委会,370982001007,,5
朝阳社区居委会,370982001008,,5
西关社区居委会,370982001009,,5
明珠社区居委会,370982001010,,5
金斗社区居委会,370982001011,,5
城阳社区居委会,370982001012,,5
银河社区居委会,370982001013,,5
新安社区居委会,370982001014,,5
秀水社区居委会,370982001017,,5
金马社区居委会,370982001019,,5
何李村村委会,370982001203,,5
冯家栗行村委会,370982001204,,5
管家洼村委会,370982001205,,5
高崖村委会,370982001206,,5
大洼村委会,370982001207,,5
甘露堂村委会,370982001208,,5
金光村村委会,370982001209,,5
北园村委会,370982001210,,5
东杏山村委会,370982001211,,5
行宫村委会,370982001212,,5
刘家庄村委会,370982001213,,5
胡家沟村委会,370982001214,,5
殷家庄村委会,370982001215,,5
娄家庄村委会,370982001216,,5
新前村委会,370982001217,,5
南黄村委会,370982001218,,5
通济村村委会,370982001219,,5
林后村委会,370982001220,,5
北黄村委会,370982001221,,5
新后村委会,370982001222,,5
陈家庄村委会,370982001223,,5
南赵庄村委会,370982001224,,5
果园村委会,370982001225,,5
名公西村委会,370982001226,,5
名公南村委会,370982001227,,5
林前村委会,370982001228,,5
尹家庄村委会,370982001229,,5
名公东村委会,370982001230,,5
丁家庄村委会,370982001231,,5
名公北村委会,370982001232,,5
郝家庄村委会,370982001270,,5
北师店村委会,370982001271,,5
龙埠庄村委会,370982001272,,5
袁家庄村委会,370982001273,,5
三仙庄村委会,370982001274,,5
下军寨村委会,370982001275,,5
上军寨村委会,370982001276,,5
兴隆庄村委会,370982001277,,5
小驻马村委会,370982001278,,5
南师店村委会,370982001279,,5
漫子村委会,370982001280,,5
高峪铺村委会,370982001281,,5
黄山沟村委会,370982001282,,5
大驻马村委会,370982001283,,5
狄家沟村委会,370982001284,,5
瑞山后村委会,370982001285,,5
马庄后村委会,370982001286,,5
马庄前村委会,370982001287,,5
外峪村委会,370982001288,,5
见子山村委会,370982001289,,5
稠蒲河村委会,370982001290,,5
围屏庄村委会,370982001291,,5
望驾山村委会,370982001292,,5
郑家庄村委会,370982001293,,5
旋崮河村委会,370982001294,,5
后孤山村委会,370982001295,,5
前孤山村委会,370982001296,,5
三岔河村委会,370982001297,,5
花峪村委会,370982001298,,5
小泉沟村委会,370982001299,,5
路踏泉村委会,370982001300,,5
孙村社区居委会,370982002001,,5
张庄社区居委会,370982002002,,5
大洛沟社区居委会,370982002003,,5
东良社区居委会,370982002004,,5
西良社区居委会,370982002005,,5
新街社区居委会,370982002006,,5
良村村委会,370982002201,,5
中合寨村委会,370982002202,,5
北寺山村委会,370982002203,,5
成家楼村委会,370982002204,,5
中洛沟村委会,370982002205,,5
东洛沟村委会,370982002206,,5
大河村委会,370982002207,,5
汶河村委会,370982002208,,5
黄山村委会,370982002209,,5
黑峪村委会,370982002210,,5
云山村委会,370982002211,,5
大寺山村委会,370982002212,,5
东西周村委会,370982003200,,5
南西周村委会,370982003201,,5
公岭村村委会,370982003202,,5
西西周南村委会,370982003203,,5
泉北村村委会,370982003204,,5
泉南村村委会,370982003205,,5
南公北村村委会,370982003206,,5
南公东村村委会,370982003207,,5
南公南村村委会,370982003208,,5
南公西村村委会,370982003209,,5
万家庄村委会,370982003210,,5
龙山村委会,370982003211,,5
西西周北村村委会,370982003212,,5
辉城村委会,370982003213,,5
泉西村村委会,370982003214,,5
周全村村委会,370982003215,,5
孔家岭村委会,370982003216,,5
安全村村委会,370982003217,,5
西洛村村委会,370982003218,,5
葛沟河村委会,370982003219,,5
西杏山村村委会,370982003220,,5
耿家洼村委会,370982003221,,5
前上庄村委会,370982003222,,5
董家街村委会,370982003223,,5
水浒村委会,370982003224,,5
后上庄村委会,370982003225,,5
渭河庄村委会,370982003226,,5
桃花村村委会,370982003227,,5
小河西村委会,370982003228,,5
上西峪村委会,370982003229,,5
下西峪村委会,370982003230,,5
上马场村委会,370982003231,,5
下马场村委会,370982003232,,5
上松山村委会,370982003233,,5
中松山村委会,370982003234,,5
下松山村委会,370982003235,,5
东窑沟村委会,370982003236,,5
东一社区居委会,370982101001,,5
西都社区居委会,370982101002,,5
东都二村村委会,370982101201,,5
凤凰泉村委会,370982101202,,5
王家庄村委会,370982101203,,5
新庄村委会,370982101205,,5
余粮庄村委会,370982101206,,5
大峪村委会,370982101207,,5
小峪村委会,370982101208,,5
东桥村委会,370982101209,,5
西桥村委会,370982101210,,5
南桥村委会,370982101211,,5
圣泉庄村委会,370982101212,,5
石泉庄村委会,370982101213,,5
沈村村委会,370982101214,,5
杨家庄村委会,370982101215,,5
尚庄村委会,370982101216,,5
尚陵庄村委会,370982101217,,5
南鲍村村委会,370982101218,,5
祝福庄村委会,370982101219,,5
黄崖村委会,370982101220,,5
羊蹄庄村委会,370982101221,,5
上炭峪村委会,370982101222,,5
下炭峪村委会,370982101223,,5
东牛家庄村委会,370982101224,,5
徐庄村委会,370982101225,,5
酒台村委会,370982101226,,5
马庄村委会,370982101227,,5
栾家庄村委会,370982101228,,5
谢家庄村委会,370982101229,,5
乌珠台村委会,370982101230,,5
平陵庄村委会,370982101231,,5
燕家庄村委会,370982101232,,5
小协社区居委会,370982102001,,5
大协村委会,370982102201,,5
郭家泉村委会,370982102202,,5
横山村委会,370982102203,,5
陈角峪村委会,370982102204,,5
碗窑头村委会,370982102205,,5
大沟村委会,370982102206,,5
云明村村委会,370982102207,,5
西牛村委会,370982102208,,5
柏角峪村委会,370982102209,,5
安家庄村委会,370982102210,,5
雷明村村委会,370982102211,,5
卧龙村村委会,370982102212,,5
李家庄村委会,370982102213,,5
躲庄村委会,370982102214,,5
龙泉村委会,370982102215,,5
南岭村委会,370982102216,,5
陈家庄村委会,370982102217,,5
史家庄村委会,370982103201,,5
翟东村委会,370982103202,,5
董家庄村委会,370982103203,,5
翟南村委会,370982103204,,5
陈家上汪村委会,370982103205,,5
富泉庄村委会,370982103206,,5
石灰峪村委会,370982103207,,5
肖家上汪村委会,370982103208,,5
王家园村委会,370982103209,,5
崖头村委会,370982103210,,5
李家上汪村委会,370982103211,,5
牛家庄村委会,370982103212,,5
翟北村委会,370982103213,,5
小港村委会,370982103214,,5
赵家庄村委会,370982103215,,5
后羊村村委会,370982103216,,5
前羊村村委会,370982103217,,5
小湖村委会,370982103218,,5
刘官庄村委会,370982103219,,5
唐立沟村委会,370982103220,,5
唐立庄村委会,370982103221,,5
玥庄村委会,370982103222,,5
大港村委会,370982103223,,5
侯家庄村委会,370982103224,,5
于家庄村委会,370982103225,,5
春阳庄村委会,370982103226,,5
红石板村委会,370982103227,,5
古河村委会,370982103228,,5
黄泥庄村委会,370982103229,,5
穆家店村委会,370982103230,,5
高家店村委会,370982103231,,5
李家庄村委会,370982103232,,5
东梁庄村委会,370982103233,,5
王家寨村委会,370982103234,,5
古子山村委会,370982103235,,5
榆山村委会,370982103236,,5
葛沟桥村委会,370982103237,,5
平家庄村委会,370982103238,,5
井家庄村委会,370982103239,,5
柳家庄村委会,370982103240,,5
葛沟村委会,370982103241,,5
近格庄村委会,370982103242,,5
兴隆屯村委会,370982103243,,5
保安庄村委会,370982103244,,5
汶河北村委会,370982103245,,5
黑石山子村委会,370982103246,,5
大沟桥居委会,370982104001,,5
泉沟村委会,370982104201,,5
徐家堂子村委会,370982104202,,5
西刘家上汪村委会,370982104203,,5
张家兰子村委会,370982104204,,5
麻峪村委会,370982104205,,5
魏家峪村委会,370982104206,,5
宫山前村委会,370982104207,,5
甫阳村村委会,370982104208,,5
邓家庄村委会,370982104209,,5
赵家峪村委会,370982104210,,5
曹家坪村委会,370982104211,,5
劝里村委会,370982104212,,5
周家泉村委会,370982104213,,5
高崖头村委会,370982104214,,5
东刘家上汪村委会,370982104215,,5
上河村委会,370982104216,,5
王家庄村委会,370982104217,,5
河山子村委会,370982104218,,5
康乐庄村委会,370982104219,,5
曹家庄村委会,370982104220,,5
孙家庄村委会,370982104221,,5
小官庄村委会,370982104223,,5
西窑沟村委会,370982104224,,5
小良庄村委会,370982104225,,5
运舟湖村委会,370982104226,,5
庙子牌村委会,370982104227,,5
靳家牌村委会,370982104228,,5
杨家牌村委会,370982104229,,5
刘家牌村委会,370982104230,,5
黄崖村委会,370982104231,,5
袜子铺村委会,370982104232,,5
新官庄村委会,370982104233,,5
小河南村委会,370982105201,,5
羊流村委会,370982105202,,5
沟西村委会,370982105203,,5
南羊流村委会,370982105204,,5
羊家庄村委会,370982105205,,5
大洼村委会,370982105206,,5
二洼村委会,370982105207,,5
三洼村委会,370982105208,,5
北庄子村委会,370982105209,,5
李家庄村委会,370982105210,,5
黄土崖村委会,370982105211,,5
程家庄村委会,370982105212,,5
坦里村委会,370982105213,,5
云河庄村委会,370982105214,,5
乐山庄村委会,370982105215,,5
永丰庄村委会,370982105216,,5
王家林村委会,370982105217,,5
芦家庄村委会,370982105218,,5
新张庄村委会,370982105219,,5
北单家庄村委会,370982105220,,5
和庄村委会,370982105221,,5
东张家庄村委会,370982105222,,5
官路村委会,370982105223,,5
小和庄村委会,370982105224,,5
东王庄村委会,370982105225,,5
西王庄村委会,370982105226,,5
吴家庄村委会,370982105227,,5
西梁庄村委会,370982105228,,5
苏家庄村委会,370982105229,,5
河东村委会,370982105230,,5
丁李村村委会,370982105231,,5
魏家庄村委会,370982105232,,5
长兴庄村委会,370982105233,,5
高家沙沟村委会,370982105234,,5
杨家沙沟村委会,370982105235,,5
张家沙沟村委会,370982105236,,5
徐家沙沟村委会,370982105237,,5
徐家庄村委会,370982105238,,5
吴家泉村委会,370982105239,,5
安乐庄村委会,370982105240,,5
东官庄村委会,370982105241,,5
桃花峪村委会,370982105242,,5
梨园沟村委会,370982105243,,5
石河庄村委会,370982105244,,5
陡沟村委会,370982105245,,5
西天井峪村委会,370982105246,,5
北天井峪村委会,370982105247,,5
东天井峪村委会,370982105248,,5
官桥村委会,370982105249,,5
旧关村委会,370982105250,,5
傅家庄村委会,370982105251,,5
北王村村委会,370982105252,,5
大涝峪村委会,370982105253,,5
二涝峪村委会,370982105254,,5
单家庄村委会,370982105255,,5
义和村村委会,370982105256,,5
新赵庄村委会,370982105257,,5
北董家庄村委会,370982105258,,5
黄草村委会,370982105259,,5
贾庄村委会,370982105260,,5
松树林村委会,370982105261,,5
北刘家庄村委会,370982105262,,5
杨家洼村委会,370982105263,,5
北张家庄村委会,370982105264,,5
苇池村委会,370982105265,,5
东石棚村委会,370982105266,,5
雁翎关村委会,370982105267,,5
雌山村委会,370982105268,,5
香水河村委会,370982105269,,5
东山草峪村委会,370982105270,,5
西山草峪村委会,370982105271,,5
上柳杭村委会,370982105272,,5
大柳杭村委会,370982105273,,5
上裴家庄村委会,370982105274,,5
朝阳村村委会,370982105275,,5
邢家庄村委会,370982105276,,5
上刘家庄村委会,370982105277,,5
西万家庄村委会,370982105278,,5
秦家庄村委会,370982105279,,5
龙石崖村委会,370982105280,,5
乐义庄村委会,370982105281,,5
西石棚村委会,370982105282,,5
红旗村委会,370982105283,,5
李官庄村委会,370982105284,,5
西安村委会,370982105285,,5
泉河庄村委会,370982105286,,5
下裴家庄村委会,370982105287,,5
刘家庄村委会,370982105288,,5
闫家庄村委会,370982105289,,5
东岭村委会,370982105290,,5
果都村委会,370982106201,,5
段孟李村委会,370982106202,,5
桥西头村委会,370982106203,,5
杜家庄村委会,370982106204,,5
谢家庄村委会,370982106205,,5
马家庄村委会,370982106206,,5
王家庄村委会,370982106207,,5
陈家庄村委会,370982106208,,5
梁家庄村委会,370982106209,,5
杨家官庄村委会,370982106210,,5
中坦村委会,370982106211,,5
小谭村委会,370982106212,,5
大谭村委会,370982106213,,5
毛家庄村委会,370982106214,,5
杨家楼村委会,370982106215,,5
大萝芙峪村委会,370982106216,,5
小萝芙峪村委会,370982106217,,5
坡里村委会,370982106218,,5
蒋家石沟村委会,370982106219,,5
东石沟村委会,370982106220,,5
南石沟村委会,370982106221,,5
北石沟村委会,370982106222,,5
瑞谷庄村委会,370982106223,,5
大霞雾村委会,370982106224,,5
东霞雾村委会,370982106225,,5
张官屯村委会,370982106226,,5
王官屯村委会,370982106227,,5
杜莫庄村委会,370982106228,,5
洪路庄村委会,370982106229,,5
明义庄村委会,370982106230,,5
马赵村村委会,370982106231,,5
王莫庄村委会,370982106232,,5
田莫庄村委会,370982106233,,5
杨莫庄村委会,370982106234,,5
西张庄村委会,370982107201,,5
东张庄村委会,370982107202,,5
司家庄村委会,370982107203,,5
车庄村委会,370982107204,,5
前高佐村委会,370982107205,,5
后高佐村委会,370982107206,,5
东韩庄村委会,370982107207,,5
西韩庄村委会,370982107208,,5
中兴官庄村委会,370982107209,,5
东白沙村委会,370982107210,,5
西白沙村委会,370982107211,,5
马白沙村委会,370982107212,,5
小白沙村委会,370982107213,,5
杨家庄村委会,370982107214,,5
太平庄村委会,370982107215,,5
泉头村委会,370982107216,,5
回龙庄村委会,370982107217,,5
马岭庄村委会,370982107218,,5
明德庄村委会,370982107219,,5
圣德庄村委会,370982107220,,5
浮邱村委会,370982107221,,5
高孟村委会,370982107222,,5
唐家庄村委会,370982107223,,5
三义庄村委会,370982107224,,5
四槐树村委会,370982107225,,5
棘针沟村委会,370982107226,,5
尚义庄村委会,370982107227,,5
肖家庄村委会,370982107228,,5
天宝一村村委会,370982108201,,5
天宝二村村委会,370982108202,,5
天宝三村村委会,370982108203,,5
天宝四村村委会,370982108204,,5
天宝五村村委会,370982108205,,5
天宝六村村委会,370982108206,,5
下疃村村委会,370982108207,,5
苏家庄村村委会,370982108208,,5
北汶西村村委会,370982108209,,5
陈汶西村村委会,370982108210,,5
杨汶西村村委会,370982108211,,5
南汶西村村委会,370982108212,,5
郭家庄村村委会,370982108213,,5
时家庄村村委会,370982108214,,5
西羊舍村村委会,370982108215,,5
东羊舍村村委会,370982108216,,5
古城村村委会,370982108217,,5
城东村村委会,370982108218,,5
彭家庄村村委会,370982108219,,5
上官庄村村委会,370982108220,,5
下官庄村村委会,370982108221,,5
寇家庄村村委会,370982108222,,5
花拉湾村村委会,370982108223,,5
涝洼村村委会,370982108224,,5
黄花岭村村委会,370982108225,,5
颜前村村委会,370982108226,,5
颜后村村委会,370982108227,,5
豪山前村村委会,370982108228,,5
寨山前村村委会,370982108229,,5
魏家沟村村委会,370982108230,,5
年家峪村村委会,370982108231,,5
大东庄村村委会,370982108232,,5
大西庄村村委会,370982108233,,5
小东庄村村委会,370982108234,,5
小西庄村村委会,370982108235,,5
西朴里村村委会,370982108236,,5
河西村村委会,370982108237,,5
槐林村村委会,370982108238,,5
庄庄村村委会,370982108239,,5
赵庄村村委会,370982108240,,5
杨庄村村委会,370982108241,,5
前寺村村委会,370982108242,,5
后寺村村委会,370982108243,,5
寨山东村村委会,370982108244,,5
大西峪村村委会,370982108245,,5
小西峪村村委会,370982108246,,5
东峪村村委会,370982108247,,5
黄道沟村村委会,370982108248,,5
高山崖村村委会,370982108249,,5
松棚村村委会,370982108250,,5
东村村委会,370982110201,,5
西村村委会,370982110202,,5
南泉村委会,370982110203,,5
颜庄村委会,370982110204,,5
埠前村委会,370982110205,,5
苗庄村委会,370982110206,,5
新庄村委会,370982110207,,5
赤坂村委会,370982110208,,5
寺岭村委会,370982110209,,5
水坡村委会,370982110210,,5
薛家庄村委会,370982110211,,5
力里村委会,370982110212,,5
西封家庄村委会,370982110213,,5
东封家庄村委会,370982110214,,5
东王庄村委会,370982110215,,5
西王庄村委会,370982110216,,5
东城前村委会,370982110217,,5
西城前村委会,370982110218,,5
前柴城村委会,370982110219,,5
后柴城村委会,370982110220,,5
西柴城村委会,370982110221,,5
东安门村委会,370982110222,,5
西安门村委会,370982110223,,5
兴隆庄村委会,370982110224,,5
甘露村村委会,370982110225,,5
杨家庄村委会,370982110226,,5
霄岚村委会,370982110227,,5
燕家庄村委会,370982110228,,5
仁义庄村委会,370982110229,,5
前泗沟涧村委会,370982110230,,5
后泗沟涧村委会,370982110231,,5
黄泉沟村委会,370982110232,,5
上泉庄村委会,370982110233,,5
东营村委会,370982110234,,5
西营东村村委会,370982110235,,5
西营西村村委会,370982110236,,5
后寨村委会,370982111201,,5
大寨村委会,370982111202,,5
西寨村委会,370982111203,,5
西沈村村委会,370982111204,,5
东沈村村委会,370982111205,,5
汤家禹村村委会,370982111206,,5
赵家禹村村委会,370982111207,,5
东杜村村委会,370982111208,,5
中杜村村委会,370982111209,,5
西杜村村委会,370982111210,,5
朱家沟村委会,370982111211,,5
卢家沟村委会,370982111212,,5
安家庄村委会,370982111213,,5
伍埠村委会,370982111214,,5
韩山村委会,370982111215,,5
西白家沟村委会,370982111216,,5
东白家沟村委会,370982111217,,5
琵琶庵村委会,370982111218,,5
李庄村委会,370982111219,,5
宋家庄村委会,370982111220,,5
车阳村村委会,370982111221,,5
大路山村委会,370982111222,,5
朱家庄村委会,370982111223,,5
南峪村委会,370982111224,,5
北峪村委会,370982111225,,5
南泉头村委会,370982111226,,5
北泉头村委会,370982111227,,5
田村村委会,370982111228,,5
南清泥沟村委会,370982111229,,5
北清泥沟村委会,370982111230,,5
徐家岭村委会,370982111231,,5
王峪村委会,370982111232,,5
程家峪村委会,370982111233,,5
大山东村委会,370982111234,,5
西山东村委会,370982111235,,5
垤路村委会,370982111236,,5
宫北村委会,370982112201,,5
宫西村委会,370982112202,,5
宫南村委会,370982112203,,5
石泉村委会,370982112204,,5
高泉村委会,370982112205,,5
马跑泉村委会,370982112206,,5
马家庄村委会,370982112207,,5
白家庄村委会,370982112208,,5
双河村委会,370982112209,,5
王家庄村委会,370982112210,,5
李灵村委会,370982112211,,5
中灵村委会,370982112212,,5
王灵村委会,370982112213,,5
泉里村委会,370982112214,,5
安庄村委会,370982112215,,5
汶城村委会,370982112216,,5
镇里村委会,370982112217,,5
金马庄村委会,370982112218,,5
北宅村委会,370982112219,,5
西李家庄村委会,370982112220,,5
西岳家庄村委会,370982112221,,5
杨家隅村委会,370982112222,,5
王家隅村委会,370982112223,,5
上宫隅村委会,370982112224,,5
夏家隅村委会,370982112225,,5
夏家庄村委会,370982112226,,5
大桥庄村委会,370982112227,,5
东柳村委会,370982112228,,5
贺一村村委会,370982112229,,5
贺二村村委会,370982112230,,5
贺三村村委会,370982112231,,5
桃园村委会,370982112232,,5
于家沟村委会,370982112233,,5
绳家峪村委会,370982112234,,5
大徐庄村委会,370982112235,,5
胡树顶村委会,370982112236,,5
高峰庄村委会,370982112237,,5
南李家庄村委会,370982112238,,5
苏泉庄村委会,370982112239,,5
常家庄村委会,370982112240,,5
郭家沟村委会,370982112241,,5
南吕村委会,370982112242,,5
北吕村委会,370982112243,,5
北谷里村委会,370982113201,,5
南谷里村委会,370982113202,,5
大新兴村委会,370982113203,,5
小新兴村委会,370982113204,,5
大窑沟村委会,370982113205,,5
小窑沟村委会,370982113206,,5
山后村村委会,370982113207,,5
银河圈村委会,370982113208,,5
徐家庄村村委会,370982113209,,5
东蒲村委会,370982113210,,5
单家庄村委会,370982113211,,5
宝泉村委会,370982113212,,5
东南佐村委会,370982113213,,5
西南佐村委会,370982113214,,5
前北佐村村委会,370982113215,,5
后北佐村委会,370982113216,,5
岱家庄村委会,370982113217,,5
华石桥村委会,370982113218,,5
东朱村委会,370982113219,,5
西朱村委会,370982113220,,5
南朱村委会,370982113221,,5
幸福庄村委会,370982113222,,5
鲍家泉村委会,370982113223,,5
南王庄村委会,370982113224,,5
河东庄村委会,370982113225,,5
泉子山村委会,370982113226,,5
西蒲村委会,370982113227,,5
立庄村委会,370982113228,,5
后麻峪村委会,370982113229,,5
前麻峪村委会,370982113230,,5
五龙庄村委会,370982113231,,5
龟山店村委会,370982113232,,5
牛家枣林峪村委会,370982113233,,5
于家枣林峪村委会,370982113234,,5
杏山峪村委会,370982113235,,5
白杨沟村委会,370982113236,,5
桂花庄村委会,370982113237,,5
华荣庄村委会,370982113238,,5
柘子沟村委会,370982113239,,5
西高平村委会,370982113240,,5
北高平村委会,370982113241,,5
高平北村村委会,370982113242,,5
高平东村村委会,370982113243,,5
高平西村村委会,370982113244,,5
高平南村村委会,370982113245,,5
胡家庄村委会,370982113246,,5
老牛沟村委会,370982113247,,5
秦岭村委会,370982113248,,5
大车峪村委会,370982113249,,5
小徐庄村委会,370982113250,,5
东高平村委会,370982113251,,5
东石莱三村村委会,370982114201,,5
东石莱四村村委会,370982114202,,5
东石莱二村村委会,370982114203,,5
东石莱一村村委会,370982114204,,5
苏家庄村委会,370982114205,,5
北高家庄村委会,370982114206,,5
东碾子峪村委会,370982114207,,5
左家沟村委会,370982114208,,5
西碾子峪村委会,370982114209,,5
赵家沟村委会,370982114210,,5
朱家庄村委会,370982114211,,5
三山村委会,370982114212,,5
东石莱五村村委会,370982114213,,5
西石莱一村村委会,370982114214,,5
西石莱二村村委会,370982114215,,5
西石莱三村村委会,370982114216,,5
西石莱四村村委会,370982114217,,5
张家峪村委会,370982114218,,5
上马家峪村委会,370982114219,,5
下马家峪村委会,370982114220,,5
唐家庄村委会,370982114221,,5
小张庄村委会,370982114222,,5
郑家泉村委会,370982114223,,5
向阳村村委会,370982114224,,5
大李家庄村委会,370982114225,,5
齐家庄村委会,370982114226,,5
管家山村委会,370982114227,,5
东峰村委会,370982114228,,5
西峰村委会,370982114229,,5
贾家庄村委会,370982114230,,5
胡家泉村委会,370982114231,,5
西高家庄村委会,370982114232,,5
南孙家泉村委会,370982114233,,5
洪沟村委会,370982114234,,5
刘志园村委会,370982114235,,5
西搬倒井村委会,370982114236,,5
东搬倒井村委会,370982114237,,5
北孙家泉村委会,370982114238,,5
西张家庄村委会,370982114239,,5
饮马泉村委会,370982114240,,5
卢家庄村委会,370982114241,,5
西刘家山村委会,370982114242,,5
木厂峪村委会,370982114243,,5
南官庄村委会,370982114244,,5
北官庄村委会,370982114245,,5
安子沟村委会,370982114246,,5
观音堂村委会,370982114247,,5
小王庄村委会,370982114248,,5
南桥村委会,370982114249,,5
北桥村委会,370982114250,,5
东山村委会,370982114251,,5
西山村委会,370982114252,,5
路良山村委会,370982114253,,5
崔家庄村委会,370982114254,,5
南王家庄村委会,370982114255,,5
小李家庄村委会,370982114256,,5
东刘家山村委会,370982114257,,5
西班家庄村委会,370982114258,,5
韩家河村委会,370982114259,,5
东班家庄村委会,370982114260,,5
道泉峪村委会,370982114261,,5
西马家林村委会,370982114262,,5
东马家林村委会,370982114263,,5
小西岭村委会,370982114264,,5
琵琶庄村委会,370982114265,,5
宋家庄村委会,370982114266,,5
东万家峪村委会,370982114267,,5
西万家峪村委会,370982114268,,5
北王家庄村村委会,370982114269,,5
东街村委会,370982115201,,5
东埠村委会,370982115202,,5
放城二村村委会,370982115203,,5
放城三村村委会,370982115204,,5
河北村委会,370982115205,,5
太平村委会,370982115206,,5
丁家庄村委会,370982115207,,5
上峪村委会,370982115208,,5
三小庄村委会,370982115209,,5
菅家峪村委会,370982115210,,5
下峪村委会,370982115211,,5
西店子村委会,370982115212,,5
东店子村委会,370982115213,,5
中原村村委会,370982115214,,5
郗家峪村委会,370982115215,,5
马家寨子村委会,370982115216,,5
阚家庄村委会,370982115217,,5
邱子峪村委会,370982115218,,5
放城一村村委会,370982115219,,5
东石井村委会,370982115220,,5
西石井村委会,370982115221,,5
上庄村委会,370982115222,,5
南涝坡村委会,370982115223,,5
刘杜村委会,370982116201,,5
联盟村委会,370982116202,,5
东刘杜村委会,370982116203,,5
北流泉村委会,370982116204,,5
北寨村委会,370982116205,,5
南流泉村委会,370982116206,,5
黄义庄村委会,370982116207,,5
高家圈村委会,370982116208,,5
兴龙村村委会,370982116209,,5
闫家沟村委会,370982116210,,5
光明东村委会,370982116211,,5
围山庄村委会,370982116212,,5
邓家沟村委会,370982116213,,5
清河村委会,370982116214,,5
魏家河村委会,370982116215,,5
新华村委会,370982116216,,5
光明南村委会,370982116217,,5
光明中村委会,370982116218,,5
光明北村委会,370982116219,,5
荻子峪村委会,370982116220,,5
上盐店村委会,370982116221,,5
下盐店村委会,370982116222,,5
门家庄村委会,370982116223,,5
龙华庄村委会,370982116224,,5
楼台村委会,370982116225,,5
东赵家庄村委会,370982116226,,5
西赵家庄村委会,370982116227,,5
山泉庄村委会,370982116228,,5
汶南西村村委会,370982117201,,5
汶南东村村委会,370982117202,,5
汶南北村村委会,370982117203,,5
汶南下村村委会,370982117204,,5
吴山村委会,370982117205,,5
鲍庄村委会,370982117206,,5
小河东村委会,370982117207,,5
水家庄村委会,370982117208,,5
青沙庄村委会,370982117209,,5
公家庄村委会,370982117210,,5
盘古庄村委会,370982117211,,5
周家沟村委会,370982117212,,5
仙人桥村委会,370982117213,,5
大河东村委会,370982117214,,5
分水岭村委会,370982117215,,5
果庄村委会,370982117216,,5
重兴庄村委会,370982117217,,5
北安村委会,370982117218,,5
纸坊村委会,370982117219,,5
鲍音村委会,370982117220,,5
尹家屋村委会,370982117221,,5
下峪村委会,370982117222,,5
两桥庄村委会,370982117223,,5
甄家庄村委会,370982117224,,5
朝阳村委会,370982117225,,5
曹家庄村委会,370982117226,,5
李家楼村委会,370982117227,,5
东鲁庄村委会,370982117228,,5
西鲁庄村委会,370982117229,,5
国家庄村委会,370982117230,,5
南西官庄村委会,370982117231,,5
李家庄村委会,370982117232,,5
类王庄村委会,370982117233,,5
盘车沟村委会,370982117234,,5
薛家庄村委会,370982117235,,5
南洪河村委会,370982117236,,5
大官庄村委会,370982117237,,5
鲁家沟村委会,370982117238,,5
光明村委会,370982117239,,5
上峪村委会,370982117240,,5
东洪河村委会,370982117241,,5
柳沟村委会,370982117242,,5
杨庄村委会,370982117243,,5
赵家庄村委会,370982117244,,5
大山口村委会,370982117245,,5
岩庄村委会,370982117246,,5
许庄村委会,370982117247,,5
庄家庄村委会,370982117248,,5
沈家庄村委会,370982117249,,5
张家庄村委会,370982117250,,5
北鲍村委会,370982117251,,5
李仙村委会,370982117252,,5
西南辰村委会,370982117253,,5
中南辰村委会,370982117254,,5
韩家庄村委会,370982117255,,5
东南辰村委会,370982117256,,5
向阳村委会,370982117257,,5
刘家庄村委会,370982117258,,5
小张庄村委会,370982117259,,5
嶅山东村委会,370982117260,,5
北嶅阳村委会,370982117261,,5
柳子沟村委会,370982117262,,5
杨家河村委会,370982117263,,5
青云山村委会,370982117264,,5
东官庄村委会,370982117265,,5
黄崖圈村委会,370982117266,,5
王家石山子村委会,370982117267,,5
付家石山子村委会,370982117268,,5
崔家石山子村委会,370982117269,,5
借庄村委会,370982117270,,5
太平庄村委会,370982117271,,5
东周村委会,370982117272,,5
杨家洼村委会,370982117273,,5
陈粮村委会,370982117274,,5
北西官庄村委会,370982117275,,5
单家庄村委会,370982117276,,5
南嶅阳村委会,370982117277,,5
涝坡村委会,370982117278,,5
大辛庄村委会,370982117279,,5
小辛庄村委会,370982117280,,5
白家庄村委会,370982117281,,5
英家庄村委会,370982117282,,5
双山村委会,370982117283,,5
洼子村委会,370982117284,,5
德营庄村委会,370982117285,,5
龙廷村委会,370982119201,,5
苗东村委会,370982119202,,5
苗西村委会,370982119203,,5
小沙坡村委会,370982119204,,5
大沙坡村委会,370982119205,,5
程家峪村委会,370982119206,,5
老莫旺村委会,370982119207,,5
北山村委会,370982119208,,5
黄山坡村委会,370982119209,,5
官庄村委会,370982119210,,5
杨庄子村委会,370982119211,,5
野猪旺村委会,370982119212,,5
大连沟村委会,370982119213,,5
下豹峪村委会,370982119214,,5
黑沟村委会,370982119215,,5
山后村委会,370982119216,,5
上豹峪村委会,370982119217,,5
安子村委会,370982119218,,5
掌平洼村委会,370982119219,,5
太公峪村委会,370982119220,,5
龙溪庄村委会,370982119221,,5
老瓜峪村委会,370982119222,,5
尚志庄村委会,370982119223,,5
大河东村委会,370982119224,,5
龙池庙村委会,370982119225,,5
西枣林村委会,370982119226,,5
东枣林村委会,370982119227,,5
两县村委会,370982119228,,5
山根村委会,370982119229,,5
土门村委会,370982119230,,5
榆山前村委会,370982119231,,5
嶅阴村委会,370982119232,,5
赵家庄村委会,370982119233,,5
黄崖村委会,370982119234,,5
迎丰庄村委会,370982119235,,5
小栗峪村委会,370982119236,,5
小上庄村委会,370982119237,,5
大栗峪村委会,370982119238,,5
平子村委会,370982119239,,5
石山子村委会,370982119240,,5
大上庄村委会,370982119241,,5
上演马村委会,370982119242,,5
南站村委会,370982119243,,5
北河庄村委会,370982119244,,5
北站村委会,370982119245,,5
将军堂村委会,370982119246,,5
下演马村委会,370982119247,,5
崇本庄村委会,370982119248,,5
胡家庄村委会,370982119249,,5
南河庄东村村委会,370982119250,,5
北作窑村委会,370982119251,,5
宝泉庄村委会,370982119252,,5
南河庄西村村委会,370982119253,,5
辉德村委会,370982203201,,5
岳家庄村委会,370982203202,,5
张家村村委会,370982203203,,5
涝北村委会,370982203204,,5
涝南村委会,370982203205,,5
山头村委会,370982203206,,5
车辋峪村委会,370982203207,,5
涝西村委会,370982203208,,5
孟家屯村委会,370982203209,,5
西堂峪村委会,370982203210,,5
东堂峪村委会,370982203211,,5
冯家村村委会,370982203212,,5
田家庄村委会,370982203213,,5
椹子沟村委会,370982203214,,5
岔河村委会,370982203215,,5
马头庄村委会,370982203216,,5
婆婆峪村委会,370982203217,,5
角山村委会,370982203218,,5
良义庄村委会,370982203219,,5
南杨庄村委会,370982203220,,5
聂家庄村委会,370982203221,,5
东邱村委会,370982203222,,5
西邱村委会,370982203223,,5
石棚村委会,370982203224,,5
北邱村委会,370982203225,,5
新城街道,370983001000,83/370983001.html,4
老城街道,370983002000,83/370983002.html,4
王瓜店街道,370983003000,83/370983003.html,4
仪阳街道,370983004000,83/370983004.html,4
潮泉镇,370983101000,83/370983101.html,4
桃园镇,370983103000,83/370983103.html,4
王庄镇,370983104000,83/370983104.html,4
湖屯镇,370983105000,83/370983105.html,4
石横镇,370983106000,83/370983106.html,4
安临站镇,370983107000,83/370983107.html,4
孙伯镇,370983108000,83/370983108.html,4
安驾庄镇,370983109000,83/370983109.html,4
汶阳镇,370983110000,83/370983110.html,4
边院镇,370983111000,83/370983111.html,4
刘庄居委会,370983001001,,5
河西社区居委会,370983001002,,5
龙山社区居委会,370983001003,,5
桃花园社区居委会,370983001004,,5
丰园社区居委会,370983001005,,5
特钢社区居委会,370983001006,,5
桃都社区居委会,370983001007,,5
同圆社区居委会,370983001008,,5
尚质居委会,370983001010,,5
东关居委会,370983001011,,5
西关居委会,370983001012,,5
北关居委会,370983001013,,5
老城居委会,370983001014,,5
向阳社区居委会,370983001015,,5
贵和社区居委会,370983001016,,5
兴润社区居委会,370983001018,,5
阳光社区居委会,370983001019,,5
巧山社区居委会,370983001020,,5
孙庄社区居委会,370983001021,,5
伊家沟社区居委会,370983001022,,5
赵庄社区居委会,370983001023,,5
沙窝社区居委会,370983001024,,5
古店社区居委会,370983001025,,5
尚庄社区居委会,370983001026,,5
东付社区居委会,370983001027,,5
孙小社区居委会,370983001028,,5
井楼村委会,370983001202,,5
沙沟村委会,370983001203,,5
太平村委会,370983001204,,5
四合村委会,370983001205,,5
王坊村委会,370983001206,,5
苏庄村委会,370983001207,,5
军地村委会,370983001208,,5
闫家小庄村委会,370983001209,,5
李家小庄村委会,370983001210,,5
大桥村委会,370983001211,,5
西付村委会,370983001216,,5
白云村委会,370983001218,,5
陈刘村委会,370983001219,,5
马连村委会,370983001222,,5
东尚里村委会,370983001224,,5
西尚里村委会,370983001225,,5
南尚里村委会,370983001226,,5
南关居委会,370983002001,,5
较场屯居委会,370983002002,,5
河东村委会,370983002201,,5
李屯村委会,370983002202,,5
张屯村委会,370983002203,,5
辛屯村委会,370983002204,,5
国屯村委会,370983002205,,5
月庄村委会,370983002206,,5
百尺村委会,370983002207,,5
东百尺村委会,370983002208,,5
毛小庄村委会,370983002209,,5
官路店村委会,370983002210,,5
罗窑村委会,370983002211,,5
小窑村委会,370983002212,,5
杨庄村委会,370983002213,,5
曹庄村委会,370983002214,,5
栾庄村委会,370983002215,,5
孙庄村委会,370983002216,,5
乔庄村委会,370983002217,,5
双峪村委会,370983002218,,5
大石关村委会,370983002219,,5
大石铺村委会,370983002220,,5
李庄村委会,370983002221,,5
河口村委会,370983002222,,5
红五村委会,370983002223,,5
陈庄村委会,370983002224,,5
田家花峪村委会,370983002225,,5
张家花峪村委会,370983002226,,5
肥城矿业集团兴杨公司社区,370983002401,,5
肥城矿业集团曹庄煤矿社区,370983002402,,5
王西村委会,370983003201,,5
王东村委会,370983003202,,5
金槐村委会,370983003203,,5
潘台村委会,370983003204,,5
朱庄村委会,370983003205,,5
穆庄村委会,370983003206,,5
姜庄村委会,370983003207,,5
蒋庄村委会,370983003208,,5
南仪仙村委会,370983003209,,5
北仪仙村委会,370983003210,,5
马庄村委会,370983003211,,5
邓李付村委会,370983003212,,5
梁庄村委会,370983003213,,5
姜家庄村委会,370983003214,,5
十里铺村委会,370983003215,,5
尚古庄村委会,370983003216,,5
东大封村委会,370983003217,,5
西大封村委会,370983003218,,5
黄叶村委会,370983003219,,5
张家屋村委会,370983003220,,5
条水涧村委会,370983003221,,5
罗庄村委会,370983003222,,5
垛子石村委会,370983003223,,5
南军寨村委会,370983003224,,5
指挥庄村委会,370983003225,,5
新镇村委会,370983003226,,5
冉庄村委会,370983003227,,5
聂庄村委会,370983003228,,5
米山村委会,370983003229,,5
车庙村委会,370983003230,,5
曹家杭村委会,370983003231,,5
新胜村委会,370983003232,,5
肥城矿业集团机关社区,370983003401,,5
肥城矿业集团鲁泰工程公司社区,370983003402,,5
肥城矿业集团三和公司社区,370983003403,,5
肥城矿业集团中心医院社区,370983003404,,5
肥城矿业集团安信公司社区,370983003405,,5
仪阳村委会,370983004201,,5
东下庄村委会,370983004202,,5
北辛庄村委会,370983004203,,5
槐树村委会,370983004204,,5
山前村委会,370983004205,,5
罗山村委会,370983004206,,5
黄柏山村委会,370983004207,,5
张南阳村委会,370983004208,,5
石坊村委会,370983004209,,5
胡台村委会,370983004210,,5
三环村委会,370983004211,,5
空杏寺村委会,370983004212,,5
李南阳村委会,370983004213,,5
王南阳村委会,370983004214,,5
董南阳村委会,370983004215,,5
王晋村委会,370983004216,,5
石东村委会,370983004217,,5
石西村委会,370983004218,,5
石北村委会,370983004219,,5
张袁村委会,370983004220,,5
沙沟峪村委会,370983004221,,5
百忍村委会,370983004222,,5
三山村委会,370983004223,,5
河洼村委会,370983004224,,5
大柱子村委会,370983004225,,5
小柱子村委会,370983004226,,5
彭庄村委会,370983004227,,5
东杨村委会,370983004228,,5
上三合村委会,370983004229,,5
下三合村委会,370983004230,,5
东辛村委会,370983004231,,5
荣华村委会,370983004232,,5
东鲍村委会,370983004233,,5
西鲍村委会,370983004234,,5
段庄村委会,370983004235,,5
大考山村委会,370983004236,,5
小考山村委会,370983004237,,5
鹿沟村委会,370983004238,,5
刘台村委会,370983004239,,5
鱼山村委会,370983004240,,5
黄石崖村委会,370983004241,,5
马郎村委会,370983004242,,5
高庄村委会,370983004243,,5
马堂村委会,370983004244,,5
王庄村委会,370983004245,,5
周王村委会,370983004246,,5
陈庄村委会,370983004247,,5
赵庄村委会,370983004248,,5
四合村委会,370983004249,,5
潮泉村委会,370983101201,,5
下寨村委会,370983101202,,5
百福图村委会,370983101203,,5
柳沟村委会,370983101204,,5
张庄村委会,370983101205,,5
上寨村委会,370983101206,,5
黑山村委会,370983101207,,5
大王村委会,370983101208,,5
孙楼村委会,370983101209,,5
孤山村委会,370983101210,,5
白窑村委会,370983101211,,5
白楼村委会,370983103201,,5
李庄村委会,370983103202,,5
后韩村委会,370983103203,,5
前韩村委会,370983103204,,5
营里村委会,370983103205,,5
高岭村委会,370983103206,,5
龙岗村委会,370983103207,,5
仁贵山村委会,370983103208,,5
囤头村委会,370983103209,,5
前鲁村委会,370983103210,,5
中鲁村委会,370983103211,,5
后鲁村委会,370983103212,,5
东魏店村委会,370983103213,,5
西魏店村委会,370983103214,,5
南北王村委会,370983103215,,5
潘庄王村委会,370983103216,,5
郭刘村委会,370983103217,,5
东伏村委会,370983103218,,5
桑杭村委会,370983103219,,5
里留村委会,370983103220,,5
三良村委会,370983103221,,5
业长村委会,370983103222,,5
张里村委会,370983103223,,5
上固村委会,370983103224,,5
中固村委会,370983103225,,5
涝洼村委会,370983103226,,5
西里村委会,370983103227,,5
北僧台村委会,370983103228,,5
南僧台村委会,370983103229,,5
纪家洼村委会,370983103230,,5
张家拔头村委会,370983103231,,5
罗汉村委会,370983103232,,5
黄庄村委会,370983103233,,5
龙阳村委会,370983103234,,5
顾庄村委会,370983103235,,5
东一村委会,370983103236,,5
东二村委会,370983103237,,5
东三村委会,370983103238,,5
东四村委会,370983103239,,5
黑牛山村委会,370983103241,,5
张庄村委会,370983104201,,5
王庄村委会,370983104202,,5
海子村委会,370983104203,,5
郭庄村委会,370983104204,,5
雷庄村委会,370983104205,,5
花园村委会,370983104206,,5
西徐村委会,370983104207,,5
杏头村委会,370983104208,,5
姜刘村委会,370983104209,,5
田庄村委会,370983104210,,5
魏坊村委会,370983104211,,5
郭辛村委会,370983104212,,5
演南村委会,370983104213,,5
演北村委会,370983104214,,5
东孔村委会,370983104215,,5
西孔村委会,370983104216,,5
西刘庄村委会,370983104217,,5
白屯村委会,370983104218,,5
项屯村委会,370983104219,,5
草寺村委会,370983104220,,5
郝庄村委会,370983104221,,5
尚西村委会,370983104222,,5
尚东村委会,370983104223,,5
东尚村委会,370983104224,,5
闫屯村委会,370983104225,,5
李井村委会,370983104226,,5
前于村委会,370983104227,,5
中于村委会,370983104228,,5
后于村委会,370983104229,,5
五里屯村委会,370983104230,,5
南尚西村委会,370983104231,,5
南尚东村委会,370983104232,,5
孝堂峪村委会,370983104233,,5
尚任屯村委会,370983104234,,5
阴山前村委会,370983104235,,5
东徐村委会,370983104236,,5
北尚任村委会,370983104237,,5
小辛村委会,370983104238,,5
邓庄村委会,370983104239,,5
吴庄村委会,370983104240,,5
西焦村委会,370983104241,,5
东焦村委会,370983104242,,5
仁庄村委会,370983104243,,5
小张村委会,370983104244,,5
王场村委会,370983104245,,5
郭场村委会,370983104246,,5
张场村委会,370983104247,,5
于桃村委会,370983104248,,5
项山头村委会,370983104249,,5
阳谷洞村委会,370983104250,,5
李山头村委会,370983104251,,5
太平村委会,370983104252,,5
姜庄村委会,370983104253,,5
董一街居委会,370983105001,,5
董二街居委会,370983105002,,5
国庄街居委会,370983105003,,5
小中泉街居委会,370983105004,,5
前兴隆村委会,370983105201,,5
后兴隆村委会,370983105202,,5
东湖东村委会,370983105203,,5
东湖西村委会,370983105204,,5
小王村委会,370983105205,,5
中湖村委会,370983105206,,5
西湖东村委会,370983105207,,5
西湖西村委会,370983105208,,5
桥头村委会,370983105209,,5
大中泉村委会,370983105210,,5
西辛庄村委会,370983105211,,5
西杨庄村委会,370983105212,,5
钱庄一村委会,370983105213,,5
钱庄二村委会,370983105214,,5
钱庄三村委会,370983105215,,5
纸坊村委会,370983105216,,5
钱二新村委会,370983105217,,5
南王村委会,370983105218,,5
董三村委会,370983105219,,5
董四村委会,370983105220,,5
董五村委会,370983105221,,5
东穆河村委会,370983105222,,5
西穆河村委会,370983105223,,5
贾庄村委会,370983105224,,5
北张庄村委会,370983105225,,5
陶阳村委会,370983105226,,5
有益村委会,370983105227,,5
曹庄村委会,370983105228,,5
张店村委会,370983105229,,5
北王村委会,370983105230,,5
冯庄村委会,370983105231,,5
关王殿村委会,370983105232,,5
吕仙村委会,370983105233,,5
李家寨村委会,370983105234,,5
荣庄村委会,370983105235,,5
古庄村委会,370983105236,,5
小店村委会,370983105237,,5
山阳铺村委会,370983105238,,5
沙庄村委会,370983105239,,5
白庄村委会,370983105240,,5
涧北村委会,370983105241,,5
栖幽寺村委会,370983105242,,5
董庄村委会,370983105243,,5
赵庄村委会,370983105244,,5
肥城矿业集团新陶阳煤矿社区,370983105401,,5
肥城矿业集团白庄煤矿社区,370983105402,,5
肥城矿业集团鑫国公司社区,370983105403,,5
山东隆源集团社区,370983105404,,5
肥城矿业集团中心医院神经病专科医院社区,370983105405,,5
石横二街居委会,370983106001,,5
新胜村居委会,370983106002,,5
马坊村居委会,370983106003,,5
南高余居委会,370983106004,,5
中高余西居委会,370983106005,,5
中高余东居委会,370983106006,,5
石横一村村委会,370983106201,,5
石横三村村委会,370983106202,,5
石横四村村委会,370983106203,,5
石横五村村委会,370983106204,,5
石横六村村委会,370983106205,,5
后衡鱼一村委会,370983106206,,5
后衡鱼二村委会,370983106207,,5
后衡鱼三村委会,370983106208,,5
前衡鱼一村委会,370983106209,,5
前衡鱼二村委会,370983106210,,5
前衡鱼三村委会,370983106211,,5
前衡鱼四村委会,370983106212,,5
东衡鱼中心村委会,370983106213,,5
东衡鱼国华村委会,370983106214,,5
东衡鱼幸福村委会,370983106215,,5
旅店村委会,370983106216,,5
红庙村委会,370983106217,,5
大寺村委会,370983106218,,5
唐庄村委会,370983106219,,5
四合村委会,370983106220,,5
保安村委会,370983106221,,5
对福山村委会,370983106222,,5
仁里村委会,370983106223,,5
正明山村委会,370983106224,,5
圣佛寺村委会,370983106225,,5
八道岭村委会,370983106226,,5
泉胜村委会,370983106227,,5
隆庄新华村委会,370983106228,,5
隆庄汇北村委会,370983106229,,5
南大留村委会,370983106230,,5
北大留村委会,370983106231,,5
双泉峪村委会,370983106232,,5
查庄村委会,370983106233,,5
西铺村委会,370983106234,,5
道口村委会,370983106235,,5
北高余村委会,370983106236,,5
赵庄村委会,370983106237,,5
山东石横发电厂社区,370983106401,,5
济钢总公司石横特钢厂社区,370983106402,,5
山东新查庄矿业有限责任公司社区,370983106403,,5
肥城东升纸业社区,370983106404,,5
肥城索利德焊材社区,370983106405,,5
安临站村委会,370983107201,,5
冯家杭村委会,370983107202,,5
站北头村委会,370983107203,,5
翟家杭村委会,370983107204,,5
凤凰山村委会,370983107205,,5
邓家庄村委会,370983107206,,5
河套洼村委会,370983107207,,5
王家台村委会,370983107208,,5
东虎门村委会,370983107209,,5
北虎门村委会,370983107210,,5
西虎门村委会,370983107211,,5
南虎门村委会,370983107212,,5
葛家台村委会,370983107213,,5
五凤村委会,370983107214,,5
陈楼村委会,370983107215,,5
刘家庄村委会,370983107216,,5
大辛庄村委会,370983107217,,5
东界首村委会,370983107218,,5
么山村委会,370983107219,,5
西张村委会,370983107220,,5
贺庄村委会,370983107221,,5
布山后村委会,370983107222,,5
张家洼村委会,370983107223,,5
东陈庄村委会,370983107224,,5
前马山口村委会,370983107225,,5
后马山口村委会,370983107226,,5
东张村委会,370983107227,,5
东陆房村委会,370983107228,,5
西陆房村委会,370983107229,,5
大董庄村委会,370983107230,,5
黄土岭村委会,370983107231,,5
牛家庄村委会,370983107232,,5
黑峪村委会,370983107233,,5
刘家村委会,370983107234,,5
乔界首村委会,370983107235,,5
西界首村委会,370983107236,,5
孟家村委会,370983107237,,5
赵家村委会,370983107238,,5
李家村委会,370983107239,,5
郝家村委会,370983107240,,5
下庄村委会,370983107241,,5
白家庄村委会,370983107242,,5
郝家峪村委会,370983107243,,5
沟南村委会,370983107244,,5
沟北村委会,370983107245,,5
山套村委会,370983107246,,5
林家庄村委会,370983107247,,5
明新村委会,370983107248,,5
孙东村委会,370983108201,,5
孙西村委会,370983108202,,5
刘庄村委会,370983108203,,5
西坞村委会,370983108204,,5
东坞村委会,370983108205,,5
琶山村委会,370983108206,,5
大石桥村委会,370983108207,,5
庄头村委会,370983108208,,5
东程村委会,370983108209,,5
西程村委会,370983108210,,5
南栾村委会,370983108211,,5
北栾村委会,370983108212,,5
陈杭村委会,370983108213,,5
西北角村委会,370983108214,,5
莲花峪村委会,370983108215,,5
五埠村委会,370983108216,,5
岈山村委会,370983108217,,5
安驾庄村委会,370983109201,,5
下江村委会,370983109202,,5
上江村委会,370983109203,,5
中江村委会,370983109204,,5
西江村委会,370983109205,,5
北石沟村委会,370983109206,,5
南石沟村委会,370983109207,,5
北赵庄村委会,370983109208,,5
南赵庄村委会,370983109209,,5
东赵庄村委会,370983109210,,5
护驾院村委会,370983109211,,5
上前村委会,370983109212,,5
上后村委会,370983109213,,5
曹家林村委会,370983109214,,5
王付泉村委会,370983109215,,5
锁鲁城村委会,370983109216,,5
北杨村委会,370983109217,,5
前寨子村委会,370983109218,,5
后寨子村委会,370983109219,,5
坡庄村委会,370983109220,,5
李家店村委会,370983109221,,5
肖家店村委会,370983109222,,5
李家炉村委会,370983109223,,5
三岔口村委会,370983109224,,5
南红庙村委会,370983109225,,5
刘家颜子村委会,370983109226,,5
朱家颜子村委会,370983109227,,5
赵家颜子村委会,370983109228,,5
蔡家颜子村委会,370983109229,,5
南夏辉村委会,370983109230,,5
路家杭村委会,370983109231,,5
瓦屋村委会,370983109232,,5
张家杭村委会,370983109233,,5
庄户寨村委会,370983109234,,5
岳庄村委会,370983109235,,5
路家庄村委会,370983109236,,5
南辛庄村委会,370983109237,,5
北张侯村委会,370983109238,,5
南杨村委会,370983109239,,5
店子村委会,370983109240,,5
安刘村委会,370983109241,,5
南园村委会,370983109242,,5
围子村委会,370983109243,,5
正东村委会,370983109244,,5
王家颜子村委会,370983109245,,5
马埠村委会,370983109246,,5
南双村委会,370983109247,,5
北双村委会,370983109248,,5
陈家埠村委会,370983109249,,5
肖家埠村委会,370983109250,,5
门家埠村委会,370983109251,,5
红庙埠村委会,370983109252,,5
张家埠村委会,370983109253,,5
升家庄村委会,370983109254,,5
沙路村委会,370983109255,,5
中岭村委会,370983109256,,5
西岭村委会,370983109257,,5
东岭村委会,370983109258,,5
马家洼村委会,370983109259,,5
西王庄村委会,370983109260,,5
东王庄村委会,370983109261,,5
五祖庙村委会,370983109262,,5
张家安村委会,370983109263,,5
冯楼村委会,370983109264,,5
陈沟村委会,370983109265,,5
小龙岗石村委会,370983109266,,5
大龙岗石村委会,370983109267,,5
郭家庄村委会,370983109268,,5
和埠岭村委会,370983109269,,5
钓鱼台村委会,370983109270,,5
洼里村委会,370983109271,,5
吴店村委会,370983110201,,5
东高余村委会,370983110202,,5
西高余村委会,370983110203,,5
西浊村委会,370983110204,,5
河岔口村委会,370983110205,,5
薛寨村委会,370983110206,,5
袁寨村委会,370983110207,,5
汪城宫村委会,370983110208,,5
武新村委会,370983110209,,5
明新村委会,370983110210,,5
张楼村委会,370983110211,,5
张城宫村委会,370983110212,,5
董城宫村委会,370983110213,,5
新集村委会,370983110214,,5
胡庄村委会,370983110215,,5
塔坊村委会,370983110216,,5
北庄村委会,370983110217,,5
李店村委会,370983110218,,5
浊北村委会,370983110219,,5
浊前村委会,370983110220,,5
浊东村委会,370983110221,,5
董庙村委会,370983110222,,5
郭店村委会,370983110223,,5
新刘村委会,370983110224,,5
马东史村委会,370983110225,,5
田东史村委会,370983110226,,5
康孟庄村委会,370983110227,,5
范武村委会,370983110228,,5
城南村委会,370983110229,,5
城东村委会,370983110230,,5
城西村委会,370983110231,,5
李楼村委会,370983110232,,5
宿楼村委会,370983110233,,5
囤庄村委会,370983110234,,5
沟西村委会,370983110235,,5
三娘庙村委会,370983110236,,5
贾南村委会,370983110237,,5
贾北村委会,370983110238,,5
北店村委会,370983110239,,5
宋孝门村委会,370983110240,,5
砖东村委会,370983110241,,5
砖舍村委会,370983110242,,5
西南庄村委会,370983110243,,5
姜华村委会,370983110244,,5
姜杭村委会,370983110245,,5
高杭村委会,370983110246,,5
张庙村委会,370983110247,,5
岗子村委会,370983110248,,5
许楼村委会,370983110249,,5
西徐村委会,370983110250,,5
李庄村委会,370983110251,,5
孙孝门村委会,370983110252,,5
张孝门村委会,370983110253,,5
过村村委会,370983111201,,5
亓庄村委会,370983111202,,5
何庄村委会,370983111203,,5
大尚村委会,370983111204,,5
小尚村委会,370983111205,,5
济河堂村委会,370983111206,,5
于老村委会,370983111207,,5
济河村委会,370983111208,,5
高庄村委会,370983111209,,5
魏庄村委会,370983111210,,5
周岗村委会,370983111211,,5
陈洼村委会,370983111212,,5
岔河店村委会,370983111213,,5
东军村委会,370983111214,,5
西军村委会,370983111215,,5
宋台村委会,370983111216,,5
朱官村委会,370983111217,,5
营盘村委会,370983111218,,5
兴隆村委会,370983111219,,5
张山头村委会,370983111220,,5
雨前村委会,370983111221,,5
大任文村委会,370983111222,,5
小任文村委会,370983111223,,5
马新村委会,370983111224,,5
张岭村委会,370983111225,,5
上官村委会,370983111226,,5
母林村委会,370983111227,,5
雨山村委会,370983111228,,5
东片村委会,370983111229,,5
西片村委会,370983111230,,5
旗林村委会,370983111231,,5
杨庄村委会,370983111232,,5
李庄村委会,370983111233,,5
红庙村委会,370983111234,,5
张庄村委会,370983111235,,5
边院村委会,370983111236,,5
河西村委会,370983111237,,5
姜堂村委会,370983111238,,5
官庄村委会,370983111239,,5
徐庙村委会,370983111240,,5
南仇村委会,370983111241,,5
王堂村委会,370983111242,,5
夏庄村委会,370983111243,,5
唐车村委会,370983111244,,5
后营村委会,370983111245,,5
李海子村委会,370983111246,,5
张桥村委会,370983111247,,5
前黄村委会,370983111248,,5
后黄村委会,370983111249,,5
柳林村委会,370983111250,,5
运河村委会,370983111251,,5
大武村委会,370983111252,,5
王柳村委会,370983111253,,5
侯刘村委会,370983111254,,5
赵吕村委会,370983111255,,5
韩庄头村委会,370983111256,,5
周王村委会,370983111257,,5
东村村委会,370983111258,,5
西村村委会,370983111259,,5
南村村委会,370983111260,,5
北村村委会,370983111261,,5
东庄村委会,370983111262,,5
南庄村委会,370983111263,,5
东坡村委会,370983111264,,5
西坡村委会,370983111265,,5
北仇村委会,370983111266,,5
北坡村委会,370983111267,,5
葛庄村委会,370983111268,,5
西古村委会,370983111269,,5
古店村委会,370983111270,,5
中古村委会,370983111271,,5
东古村委会,370983111272,,5
凤凰村委会,370983111273,,5
西李村委会,370983111274,,5
小王村委会,370983111275,,5
马堂村委会,370983111276,,5
北湖村委会,370983111277,,5
北杨村委会,370983111278,,5
大王村委会,370983111279,,5
宋庄村委会,370983111280,,5
